"Track URI","Track Name","Artist URI","Artist Name","Album URI","Album Name","Disc Number","Track Number","Track Duration (ms)","Added By","Added At"
"spotify:track:6FuGJB290AQMAHTfjOYVaK","Mood (Remix) feat. Justin Bieber, J Balvin & iann dior","spotify:artist:6fWVd57NKTalqvmjRd2t8Z, spotify:artist:1uNFoZAHBGtllmzznpCI3s, spotify:artist:1vyhD5VmyZ7KMfW5gqLgo5, spotify:artist:6ASri4ePR7RlsvIQgWPJpS","24kGoldn, Justin Bieber, J Balvin, iann dior","spotify:album:4PTxbJPI4jj0Kx8hwr1v0T","Mood (Remix) feat. Justin Bieber, J Balvin & iann dior","1","1","192745","","2020-11-20T12:45:52Z"
"spotify:track:7JK2tn5VBd1I8hlZ8bYSeU","Vacío","spotify:artist:29KrMIwUUqCvc66OHLcSMl","Inazio","spotify:album:3S8rfCddAuOQratGqB0xzX","Vacío","1","1","143999","","2020-11-19T10:55:44Z"
"spotify:track:29UkXUrWYGoPsxEesEH3qZ","Un Planeta Llamado Nosotros","spotify:artist:3heR1it0slFXjaa7E62zpw","Maldita Nerea","spotify:album:2UOcxINWhnl0heSIig86An","Un Planeta Llamado Nosotros","1","1","224926","","2020-11-16T15:35:02Z"
"spotify:track:0LaJesAbdAeVsQkSwxjzSd","Este mensaje fue eliminado","spotify:artist:4RK7b5enfCZ7DmrZCChxoi","Aren","spotify:album:7uJxjSzgS0kgPLzhlkmG2Z","Este mensaje fue eliminado","1","1","146302","","2020-11-15T10:07:15Z"
"spotify:track:1KuiFQ6MBR00bBNEqH33Zs","Distanciaos","spotify:artist:4RK7b5enfCZ7DmrZCChxoi, spotify:artist:0q3DZrcqvPZtjaDEZDGSFt","Aren, ElRoca","spotify:album:7mAPvXnxy1idFHhnVowsfH","Distanciaos","1","1","163479","","2020-11-15T10:04:36Z"
"spotify:track:2jLBlbegYDhxPkBPUJ2t9X","Otra Ronda Más","spotify:artist:3iY9PS7LxPnCVcCP7BjJOK, spotify:artist:5fmYDIdgEkSgLdL6esxgfp","Hens, Belén Aguilera","spotify:album:1kgCfLdMRat6yVnrFkfhI6","Otra Ronda Más","1","1","153944","","2020-11-12T14:07:10Z"
"spotify:track:3eXgzFwakpgcA9AXcWeG1a","Me Noto Distinto","spotify:artist:7uXKIO6VDeOCo6ImWZpZJn, spotify:artist:4NAeRqTT8u5AC9WUOMCLeM, spotify:artist:1T1XaAhbH2hFHDIAUhLAaa","Mayo 214, Fulston, La Cantera","spotify:album:67AJTxhPHnu11GWJtHl1Te","Me Noto Distinto","1","1","195423","","2020-11-10T10:17:07Z"
"spotify:track:2aQJOc2QUTdQl1J2Z9VxYO","Problemas","spotify:artist:6ONwLtT6vOzlO3pfZNAOMw","Paris Boy","spotify:album:0OXuXnfwVvYPtopY9XFRVE","Problemas","1","1","222892","","2020-11-07T16:27:29Z"
"spotify:track:0XinBYhf1X3kdvKQHOX971","Tú Me Dejaste De Querer (feat. Niño de Elche & La Hungara)","spotify:artist:5TYxZTjIPqKM8K8NuP9woO, spotify:artist:5IbUz6BcOu6IVY512oxavP, spotify:artist:7xtnpHS34mLlxGZDVUBHSU","C. Tangana, Niño de Elche, La Húngara","spotify:album:7lRNtV18ZVeTYY2w5RhVf2","Tú Me Dejaste De Querer (feat. Niño de Elche & La Hungara)","1","1","198499","","2020-11-06T12:42:01Z"
"spotify:track:7ql2RUmAmj36tkMUNWo7MT","A Un Paso De La Luna","spotify:artist:6k8mwkKJKKjBILo7ypBspl, spotify:artist:0L1f9i3L3fkMNENljDOsjG","Ana Mena, Rocco Hunt","spotify:album:0IuCnS7obPd6pE3lJx0Ax8","A Un Paso De La Luna","1","1","167313","","2020-11-03T19:10:04Z"
"spotify:track:5ndhxeC4EU0PAjAxyqtDUD","Aunque Me Duelas","spotify:artist:1tMWkquIkQtVD6vaZlDbSQ, spotify:artist:4d3kmfoZBTuUPSUjgP45uo","Chema Rivas, Lérica","spotify:album:4lWnHVhYEBYROvKiGeaPCl","Aunque Me Duelas","1","1","178750","","2020-11-03T18:49:48Z"
"spotify:track:5zj8WNkBrEzlI5FKeYV4ol","La Luz","spotify:artist:77ziqFxp5gaInVrF2lj4ht, spotify:artist:1vyhD5VmyZ7KMfW5gqLgo5","Sech, J Balvin","spotify:album:68JMNFwtqRgtdY4ufFG8EE","La Luz","1","1","216746","","2020-11-02T16:37:01Z"
"spotify:track:47EiUVwUp4C9fGccaPuUCS","Dakiti","spotify:artist:4q3ewBCX7sLwd24euuV69X, spotify:artist:0EFisYRi20PTADoJrifHrz","Bad Bunny, Jhay Cortez","spotify:album:43dl8hP5uNN9s6YeeJA5fv","Dakiti","1","1","205090","","2020-11-01T22:45:54Z"
"spotify:track:5K4T7KJlGKoiwKA2nuQCjy","Qué Le Voy a Hacer","spotify:artist:3OQumEuDR7ZpOYpYoXrT14","Skechi Kid","spotify:album:0t9NNmY2tTWa4Xvq7iCpA2","Qué Le Voy a Hacer","1","1","231176","","2020-11-01T16:30:30Z"
"spotify:track:7p86AB1S0CeNeYc7CfWvGR","La noche me resbala","spotify:artist:5e4btuINxJ9yrpwBqdPqPq","Señor Trepador","spotify:album:3yK74pubVvBb4vSWye5A2l","Aforismos invertebrados","1","2","181839","","2020-11-01T11:41:47Z"
"spotify:track:1eWWdO6oIBdJT8SCXaYCYV","Tu Foto Del DNI","spotify:artist:4ckWVaYN8j0EZrNFRHmxZx, spotify:artist:7eLcDZDYHXZCebtQmVFL25","Marmi, Aitana","spotify:album:3NJKXmNaDC83yJhGX76Uc8","Tu Foto Del DNI","1","1","179653","","2020-10-31T15:20:42Z"
"spotify:track:0j6eJIII2AucQBgCGxPrFx","Millonario","spotify:artist:1aMt4A5jrQHxDYyC7rXgV0","Pol Granch","spotify:album:4dmb8dXKTk6GSh7zsBnF0r","Tengo Que Calmarme","1","6","189690","","2020-10-31T11:56:38Z"
"spotify:track:485KVYPmRISdLpKbaSJ81u","Oops (I'm Sorry)","spotify:artist:3hyEbRtp617pNCuuQjyOmc, spotify:artist:0JOxt5QOwq0czoJxvSc5hS, spotify:artist:7c0XG5cIJTrrAgEC3ULPiq","Lost Kings, GASHI, Ty Dolla $ign","spotify:album:1ElsjvR5Stcl155XkRzJwK","Oops (I'm Sorry)","1","1","202486","","2020-10-30T23:22:23Z"
"spotify:track:3YjguG5v9vS5o8Cnciy76z","No Termino","spotify:artist:5C4PDR4LnhZTbVnKWXuDKD","Morat","spotify:album:55vHrdepEsedAK6Rw1HNnF","No Termino","1","1","239826","","2020-10-30T17:28:52Z"
"spotify:track:7r9ZhitdQBONTFOiJW5mr8","Reloj","spotify:artist:1mcTU81TzQhprhouKaTkpq, spotify:artist:2R21vXR83lH98kGeO99Y66","Rauw Alejandro, Anuel AA","spotify:album:56vYUqyoaBCrokFauIuXIk","Reloj","1","1","231594","","2020-10-29T18:22:57Z"
"spotify:track:21AH6D2xxBxjduEbZHh7i5","Cómo Me Gustaría Contarte","spotify:artist:3AIPhNgeF9S1Kyg9Yy3UQW","Dani Martín","spotify:album:7wtZmmV9IngZcM71QUBUgL","Lo Que Me Dé la Gana","1","5","229946","","2020-10-29T18:05:48Z"
"spotify:track:74anwTmdyvA3f8RUtCQqKD","Déjame","spotify:artist:2KEDbpUlz9nwtGywHT4gyf","Los Secretos","spotify:album:1XVL4fl2DMeU1JOPVH6K17","Los Secretos","1","7","160000","","2020-10-29T09:34:46Z"
"spotify:track:0S97fTj264zDbSQ5yWQWqB","Ahí Va la Niña","spotify:artist:1AaN24tRzIpDKK54IRtdIe","Andrés Suárez","spotify:album:6OmOESyxOQyFaINGbSitkE","Desde una Ventana","1","8","180906","","2020-10-28T16:41:34Z"
"spotify:track:07MrcfLozSPBfEI8GPOZgc","Como Panas","spotify:artist:6w9ToX5slZ4uIdmD17hJ3c","Bryant Myers","spotify:album:44YLTG6xQvRUc9vgOkMPjK","Como Panas","1","1","198997","","2020-10-24T13:55:19Z"
"spotify:track:6gZWWlZ6NjTtPAipvfhUvA","De Cabeza","spotify:artist:2fDPuICrsdqI5l25Q5rXUe","Ale Ocaña","spotify:album:44mYx4j32vCKgA5dL0cFrS","De Cabeza","1","1","186976","","2020-10-22T08:28:01Z"
"spotify:track:5AQTFpm3oDPTenmw5Lmfoi","Veneno","spotify:artist:5Uox3n7m4W2CoM9MmHPJwQ, spotify:artist:3lLDZNIMUmxMzIE6Vz9Agz, spotify:artist:7q3hzOFspDedtkyBi1Azc8","Delaossa, KIDDO, J.Moods","spotify:album:0UYDVbpaX2fpXiGDsxPzsY","La Tour Liffee","1","5","258586","","2020-10-17T23:26:14Z"
"spotify:track:4Ofg5uuH7qqDIXpAJMpXZV","Rayando El Sol","spotify:artist:7okwEbXzyT2VffBmyQBWLz","Maná","spotify:album:0umE2yr7H5jo91x7xhjoXY","Falta Amor","1","3","250106","","2020-10-16T13:58:00Z"
"spotify:track:6EDO9iiTtwNv6waLwa1UUq","POPSTAR (feat. Drake)","spotify:artist:0QHgL1lAIqAw0HtD7YldmP, spotify:artist:3TVXtAsR1Inumwj472S9r4","DJ Khaled, Drake","spotify:album:5nNtpPsSUgb9Hlb3dF1gXa","POPSTAR (feat. Drake)","1","1","200221","","2020-10-16T12:33:09Z"
"spotify:track:73jXsDRsg1rIa8sOqI3fPI","Bipolar","spotify:artist:4P9xDIEyrtAeXRI6xOl2TS, spotify:artist:5AMBCoLbNgVCbA3XYMRlks","Pol 3.14, Cepeda","spotify:album:1j6r5P6TaJ8STOafigxUlc","Bipolar","1","1","251219","","2020-10-14T21:48:35Z"
"spotify:track:43NqTeL8pgBxKHPMiJKUP5","Girl","spotify:artist:7iK8PXO48WeuP03g8YR51W","Myke Towers","spotify:album:3dM5WCvdXdNqLE14d16GmJ","Easy Money Baby","1","10","186426","","2020-10-13T19:02:10Z"
"spotify:track:3Iql4v0ISjuMqj7MNkuWJX","Como Estrellas","spotify:artist:2Xi0zO1N71Ff9KymMs93YX","LA YOUNG","spotify:album:4CM8hbqwUgfo6vYTG4JHxm","Como Estrellas","1","1","219000","","2020-10-12T18:47:20Z"
"spotify:track:1LuccEv4YdpWldk4B5SAUt","Sin Prisa","spotify:artist:105iYV1T7lf8Rysxo0KzfD, spotify:artist:5gQRQVPhNYSurNbuynGVGj","Nikone, Pablo Cebrián","spotify:album:7nFiWBzkF6bxsflUTfXad7","Sin Prisa","1","1","164954","","2020-10-10T10:27:51Z"
"spotify:track:3uyXupf90Zy56shfjUj7AB","Arráncame la Piel","spotify:artist:1aMt4A5jrQHxDYyC7rXgV0","Pol Granch","spotify:album:4dmb8dXKTk6GSh7zsBnF0r","Tengo Que Calmarme","1","5","179468","","2020-10-09T14:42:40Z"
"spotify:track:1nN6ix8q6AReMcqKctFElM","2018: Odisea en el Espacio","spotify:artist:40Ippe6JeofRURQ4nbF8DT","Taburete","spotify:album:3PPC9G47E3LQbWwYXNBpHq","2018: Odisea en el Espacio","1","1","212602","","2020-09-22T16:59:21Z"
"spotify:track:2ycUsRaFA2pnfvd3HQPWmG","Sanxenxo","spotify:artist:4FLnPEJpIOJkHuKVU4EKTC","Santi Pidal","spotify:album:6ZAIeZjqbygiP0XfJ81XKc","Sanxenxo","1","1","192073","","2020-09-16T10:09:30Z"
"spotify:track:6C6mUonH6MNdSg5pw7kOc9","Ayer Me Llamó Mi Ex (feat. Lenny Santos)","spotify:artist:4m6ubhNsdwF4psNf3R8kwR, spotify:artist:4bODqflR0Wo3i3fCwwCIPq","KHEA, Lenny Santos","spotify:album:0H01i14lrDJtgGU2LFImWL","Ayer Me Llamó Mi Ex (feat. Lenny Santos)","1","1","206760","","2020-09-15T15:13:54Z"
"spotify:track:16DNJ8y6k97DxuMyV49W7V","Dónde Estás","spotify:artist:4m6ubhNsdwF4psNf3R8kwR","KHEA","spotify:album:0ZyvU9dSoBua8NOYnAP0x3","Dónde Estás","1","1","153560","","2020-09-13T12:51:57Z"
"spotify:track:2cGJxXXIBrxMhk2fWUJTLs","Ooh Ahh (My Life Be Like) (feat. Toby Mac)","spotify:artist:6aUgzC0cMh0StjV7LyFEDr, spotify:artist:5VX8hxrcfJWwaTLiqGUHG3","Grits, TobyMac","spotify:album:2DtNX7KFKsCf1CNJt5gvif","The Art of Translation","1","2","233173","","2020-09-11T18:47:01Z"
"spotify:track:48seLkgehc2aaEHUA3JiSH","Chocolatito","spotify:artist:1aMt4A5jrQHxDYyC7rXgV0","Pol Granch","spotify:album:1EtmEeugikcxbSyBOMKmGp","Chocolatito","1","1","179593","","2020-09-07T18:12:39Z"
"spotify:track:0EhpEsp4L0oRGM0vmeaN5e","UN DIA (ONE DAY) (Feat. Tainy)","spotify:artist:1vyhD5VmyZ7KMfW5gqLgo5, spotify:artist:0GM7qgcRCORpGnfcN2tCiB, spotify:artist:6M2wZ9GZgrQXHCFfjv46we, spotify:artist:4q3ewBCX7sLwd24euuV69X","J Balvin, Tainy, Dua Lipa, Bad Bunny","spotify:album:6aqSlutLYNpzSsK4dV5jTr","UN DIA (ONE DAY) (Feat. Tainy)","1","1","232253","","2020-09-06T13:31:12Z"
"spotify:track:71cbRI2v81hE6TkKSQOwik","Despeinada","spotify:artist:1i8SpTcr7yvPOmcqrbnVXY, spotify:artist:28gNT5KBp7IjEOQoevXf9N","Ozuna, Camilo","spotify:album:0wbDhPbkcJvilPNUHxqk10","Despeinada","1","1","224186","","2020-09-04T14:25:01Z"
"spotify:track:7qqa7UQhQW9uy9DKf2td0n","Se Te Nota","spotify:artist:1tMWkquIkQtVD6vaZlDbSQ","Chema Rivas","spotify:album:6iXPfVcFteix896m3tBQXF","Se Te Nota","1","1","222000","","2020-09-01T13:11:00Z"
"spotify:track:6NfrH0ANGmgBXyxgV2PeXt","La Difícil","spotify:artist:4q3ewBCX7sLwd24euuV69X","Bad Bunny","spotify:album:5lJqux7orBlA1QzyiBGti1","YHLQMDLG","1","2","163084","","2020-08-30T13:18:19Z"
"spotify:track:69vlMrzHwATKzupwNcUPyK","La Santa","spotify:artist:4q3ewBCX7sLwd24euuV69X, spotify:artist:4VMYDCV2IEDYJArk749S6m","Bad Bunny, Daddy Yankee","spotify:album:5lJqux7orBlA1QzyiBGti1","YHLQMDLG","1","4","206420","","2020-08-30T13:18:08Z"
"spotify:track:1LyZX8u8DqVFULMViZUwcn","Quiero, Quiero y Quiero","spotify:artist:5gnF05YcUt010aB7EWk96U","Arnau Griso","spotify:album:6O13QTgdeRO9eAPIneCO3m","Quiero, Quiero y Quiero","1","1","205933","","2020-08-30T12:09:18Z"
"spotify:track:3seSQdWWmKUp2SN7lFCGyt","Tú y yo","spotify:artist:1lhouf62e5nnvFhbjwLU3j","Air Magno","spotify:album:1XQKTynjV9LlV9qJGswk0O","Tú y yo","1","1","137400","","2020-08-30T12:08:10Z"
"spotify:track:1QBmYURvVM6Ai7y7yo9Dvx","Cuando Quieras","spotify:artist:2IMZYfNi21MGqxopj9fWx8","Rels B","spotify:album:0Rd1iMA3OwKNdlF9OkUkZw","Cuando Quieras","1","1","157346","","2020-08-29T10:54:31Z"
"spotify:track:3qM0vBxIe4VUbK0Z0smuVP","Medusa","spotify:artist:0EFisYRi20PTADoJrifHrz, spotify:artist:2R21vXR83lH98kGeO99Y66, spotify:artist:1vyhD5VmyZ7KMfW5gqLgo5","Jhay Cortez, Anuel AA, J Balvin","spotify:album:00WVnPPMH4wPiQk7QgLVgn","Medusa","1","1","305333","","2020-08-28T16:34:08Z"
"spotify:track:5m3jpKkgkfoMcym1qjToFg","Jangueo","spotify:artist:2DspEsT7UXGKd2VaaedgG4, spotify:artist:11YLRSsZA3YVuQQtHXKTlz","Alex Rose, Rafa Pabön","spotify:album:0owN7Uk2MRirowjo9PQv14","LOST","1","1","259600","","2020-08-28T09:05:19Z"
"spotify:track:4Ny1rlxyM3Lfo37Q0e7Kaj","Me Va Bonito","spotify:artist:66BpLv7bc0OLbr50D1cnGS","Zetazen","spotify:album:4A1looglzXwBtSB3MjuHzo","Me Va Bonito","1","1","199544","","2020-08-27T20:56:09Z"
"spotify:track:55C0glNSvxJDCfgHwiCZb1","Mami","spotify:artist:5UN0rzL594mWY2RbOtZqIN, spotify:artist:0LLnP7NEsEQ1pSCfsuYURr","Ptazeta, Juacko","spotify:album:2ySo2W9Z1CL2rUPAzCfl8t","Mami","1","1","189493","","2020-08-25T19:30:17Z"
"spotify:track:05k3khLNk1GU3B6ebjNvPP","Te Acuerdas Que","spotify:artist:5JcO3FHEBbWTQMUHmWtU2g, spotify:artist:5UA1oMfQ2oISh5SaZiVjXe, spotify:artist:0GABUps2B17UMu6M8tkEDS","Juancho Marqués, Daniela Garsal, InnerCut","spotify:album:1hycsRJtI9W0szyy7FpXKd","Te Acuerdas Que","1","1","196960","","2020-08-25T09:36:31Z"
"spotify:track:4VHXa2uKPIelx9YBBqkHtM","M Conformo","spotify:artist:1aMt4A5jrQHxDYyC7rXgV0","Pol Granch","spotify:album:4JgfObeY5C5iVFvRzxS91x","M Conformo","1","1","206864","","2020-08-22T19:55:38Z"
"spotify:track:2SAqBLGA283SUiwJ3xOUVI","Laugh Now Cry Later (feat. Lil Durk)","spotify:artist:3TVXtAsR1Inumwj472S9r4, spotify:artist:3hcs9uc56yIGFCSy9leWe7","Drake, Lil Durk","spotify:album:0qGdc7fNq9RNIPEzZufa43","Laugh Now Cry Later (feat. Lil Durk)","1","1","261492","","2020-08-20T15:26:27Z"
"spotify:track:7x4ASXYEKfQBCewcZhK776","Ay, DiOs Mío!","spotify:artist:790FomKkXshlbRYZFtlgla","KAROL G","spotify:album:1mMUBQXa70gHyUjK0Q0u63","Ay, DiOs Mío!","1","1","189653","","2020-08-17T19:52:52Z"
"spotify:track:5rZlwNFl01HqLWBQGryKSm","Mood Swings (feat. Lil Tjay)","spotify:artist:0eDvMgVFoNV3TpwtrVCoTj, spotify:artist:6jGMq4yGs7aQzuGsMgVgZR","Pop Smoke, Lil Tjay","spotify:album:7e7t0MCrNDcJZsPwUKjmOc","Shoot For The Stars Aim For The Moon","1","13","213333","","2020-08-15T00:45:17Z"
"spotify:track:3n3TDn3kaH4Avp8NG7LVtq","Dime Cuánto","spotify:artist:79N4S7UXdjo2fAh3OHJQuB, spotify:artist:7gGKjAXKRyDUhSUhFDIaAW, spotify:artist:5Uox3n7m4W2CoM9MmHPJwQ","Hard GZ, Lupita's Friends, Delaossa","spotify:album:20o8tUjC76PSg1PvcxfbvF","Dime Cuánto","1","1","268236","","2020-08-13T13:29:13Z"
"spotify:track:4b0w3YrS8Cyfqv4uiZvVdO","Nictofilia","spotify:artist:79N4S7UXdjo2fAh3OHJQuB","Hard GZ","spotify:album:5OoOmlsCM7OtaeRVxKwgts","Nictofilia","1","1","208587","","2020-08-13T11:44:06Z"
"spotify:track:4etV43Qb0OBbMcxiLDVwSo","Memoria Rota","spotify:artist:4SsVbpTthjScTS7U2hmr1X, spotify:artist:7iK8PXO48WeuP03g8YR51W","Arcangel, Myke Towers","spotify:album:6K8akCaxHlpM3O3xFGh4gs","Memoria Rota","1","1","205450","","2020-08-11T19:53:27Z"
"spotify:track:4pXW6ZAHBz7ODXTRKklWrM","Mamichula - con Nicki Nicole","spotify:artist:2x7PC78TmgqpEIjaGAZ0Oz, spotify:artist:2UZIAOlrnyZmyzt1nuXr9y, spotify:artist:716NhGYqD1jl2wI1Qkgq36, spotify:artist:5szJHKg5xeUlQ9pTqzdpic, spotify:artist:0shHIQr8VamXbzM66kwGQo","Trueno, Nicki Nicole, Bizarrap, Taiu, TATOOL","spotify:album:7AHKVMfKtUv9P06zjFHsGB","Atrevido","1","10","219201","","2020-08-07T08:28:16Z"
"spotify:track:5RqR4ZCCKJDcBLIn4sih9l","Party Girl","spotify:artist:1XLWox9w1Yvbodui0SRhUQ","StaySolidRocky","spotify:album:4NPX54YtocHqTOq6yXDEFM","Party Girl","1","1","147800","","2020-08-04T21:25:13Z"
"spotify:track:3gD4J3RUHy4OUuZ3qAiaiG","Caramelo","spotify:artist:1i8SpTcr7yvPOmcqrbnVXY","Ozuna","spotify:album:6HZe6aICWesZsze5OKlvMD","Caramelo","1","1","217546","","2020-07-31T13:18:20Z"
"spotify:track:2kqnKoGH8B8XsCQb1IDMXL","Las cosas se me olvidan (con Arnau Griso)","spotify:artist:0QE9iXPzgSaBq34OqIZ4n2, spotify:artist:5gnF05YcUt010aB7EWk96U","Despistaos, Arnau Griso","spotify:album:0RsHdXSZU5zxwvXfHrG8zP","Las cosas se me olvidan (con Arnau Griso)","1","1","240000","","2020-07-21T20:13:27Z"
"spotify:track:4HYDUMY0xSpeBr0AMY9cUz","La Curiosidad","spotify:artist:2cPqdH7XMvwaBJEVjheH8g, spotify:artist:2ydZrTy8U3kOMOzx20s3dg, spotify:artist:7iK8PXO48WeuP03g8YR51W","Jay Wheeler, DJ Nelson, Myke Towers","spotify:album:5sEpXan86hEcM8eZSAoWhw","Platonicos","1","4","219048","","2020-07-21T20:09:40Z"
"spotify:track:7Hh0Ew8SHhO1Uj4AQHXqYe","Me Da la Vida","spotify:artist:3BCFlhrVzBKHbzBnWr13d9","Sebastián Cortés","spotify:album:71z5w6A3jpwYgU8t7jVdws","Me Da la Vida","1","1","197786","","2020-07-16T20:58:11Z"
"spotify:track:4ZRrLHqzhGRXYj2qcB4s5S","Tattoo - Remix with Camilo","spotify:artist:1mcTU81TzQhprhouKaTkpq, spotify:artist:28gNT5KBp7IjEOQoevXf9N","Rauw Alejandro, Camilo","spotify:album:3Na85E6foBKxAeoAojX427","Tattoo (Remix with Camilo)","1","1","222680","","2020-07-15T14:13:16Z"
"spotify:track:7Aa3P0xazGWPZLXfrOeZAB","Ya No Te Hago Falta","spotify:artist:5lWasZeo8uWQk6GD8czJLq","Sen Senra","spotify:album:0xAGsIq19Gby11pfILO1PT","Ya No Te Hago Falta","1","1","161599","","2020-07-15T07:23:52Z"
"spotify:track:0er8DmFxCMAJzi6KdI1idt","Verano del 95","spotify:artist:0ewtf5KcA50GVkF6FBXOcs","Rulo y la contrabanda","spotify:album:6ax0h1TzDWH6f1ck8EmsUO","Basado en hechos reales","1","1","236373","","2020-07-12T08:46:55Z"
"spotify:track:5UstiT9upePmmv69dhfSwD","5 de la Tarde (Nueva Versión)","spotify:artist:14MWie92G8fspcINNwL7n7","Sunvalley","spotify:album:55zUCZ0mmrz5152AHiIUUN","C'est la Vie","1","2","205921","","2020-07-12T08:46:44Z"
"spotify:track:3DyiAk1BzIF8rq9rimypG4","La Bebe - Remix","spotify:artist:2R21vXR83lH98kGeO99Y66, spotify:artist:4kYSro6naA4h99UJvo89HB, spotify:artist:5ImkeVBlU11axX5QwOWg12, spotify:artist:37UACiDcdzEYii0iU0QpAf, spotify:artist:3oOJYwLB8FGSKYOQ5zx7Kk","Anuel AA, Cardi B, Black Jonas Point, Secreto ""El Famoso Biberon"", Liro Shaq","spotify:album:1hUWE99C1h8yBHZT8KxP4V","La Bebe (Remix)","1","1","374545","","2020-07-10T14:06:37Z"
"spotify:track:6Hj9jySrnFppAI0sEMCZpJ","Robbery","spotify:artist:4MCBfE4596Uoi2O4DtmEMz","Juice WRLD","spotify:album:1GYVNOzwhx1nMcIJDogSNp","Death Race For Love","1","8","240050","","2020-07-10T13:06:14Z"
"spotify:track:39JlamO6oYz8nRIYCfq8Bl","Tinder","spotify:artist:7eH1UUCyxL8Wf9PztvvPJ6, spotify:artist:3lY9Fxceu60W1rbon7PkuF","Arce, Omar Montes","spotify:album:40adjsBjeOM3fqowbOPOtF","Tinder","1","1","183370","","2020-07-03T23:42:19Z"
"spotify:track:4fsj5oMLYrCUlTDs4P9qw5","Flamenkito","spotify:artist:4d3kmfoZBTuUPSUjgP45uo, spotify:artist:5LeiVcEnsZcwc133TUhJNW","Lérica, Belinda","spotify:album:1gXu9jczbkEdYN6FNekRqH","Flamenkito","1","1","202153","","2020-07-03T14:25:51Z"
"spotify:track:3YntiCUU0Xqq0B68FM3YAt","Rutina","spotify:artist:7iK8PXO48WeuP03g8YR51W","Myke Towers","spotify:album:52ANAGxQnsXHzgkYvhloCl","Rutina","1","1","217226","","2020-07-03T14:10:55Z"
"spotify:track:7mcdgAXmb35dakBnfDIv3q","Narcos","spotify:artist:2R21vXR83lH98kGeO99Y66","Anuel AA","spotify:album:7JtT7OyWM8BnIS5FXXPMKg","Emmanuel","1","6","259250","","2020-07-02T20:13:46Z"
"spotify:track:4MWb6mltydQn84NrTm7Gpl","Dime Cuantas Veces (Remix) [feat. Justin Quiles]","spotify:artist:1aWJsBQa67l72j1VT3D6Ow, spotify:artist:2IMZYfNi21MGqxopj9fWx8, spotify:artist:1pQWsZQehhS4wavwh7Fnxd, spotify:artist:14zUHaJZo1mnYtn6IBRaRP","Micro TDH, Rels B, Lenny Tavárez, Justin Quiles","spotify:album:6qvGkkeW9g7I2k04lEwGU0","Dime Cuantas Veces (Remix) [feat. Justin Quiles]","1","1","207248","","2020-06-29T20:27:52Z"
"spotify:track:4HKYplESyMVVTmORSeQg8S","Nubes Negras","spotify:artist:2R21vXR83lH98kGeO99Y66","Anuel AA","spotify:album:7JtT7OyWM8BnIS5FXXPMKg","Emmanuel","1","18","268085","","2020-06-28T19:23:31Z"
"spotify:track:1jMFkATqoVGbGrqZW8Iuzh","Pedigrí","spotify:artist:7eH1UUCyxL8Wf9PztvvPJ6","Arce","spotify:album:0nFIAsLOuavv8a9xPY2JK9","Pedigrí","1","11","225849","","2020-06-26T10:50:01Z"
"spotify:track:3cg2Y9mIiYNdcPTLKaQgK3","Fabuloso","spotify:artist:77ziqFxp5gaInVrF2lj4ht, spotify:artist:14zUHaJZo1mnYtn6IBRaRP","Sech, Justin Quiles","spotify:album:3D1NZYi3GsenO5uWDFrRI6","1 of 1","1","16","200494","","2020-06-25T19:34:27Z"
"spotify:track:06s3QtMJVXw1AJX3UfvZG1","Hasta Que Dios Diga","spotify:artist:2R21vXR83lH98kGeO99Y66, spotify:artist:4q3ewBCX7sLwd24euuV69X","Anuel AA, Bad Bunny","spotify:album:7JtT7OyWM8BnIS5FXXPMKg","Emmanuel","1","5","246000","","2020-06-25T18:45:20Z"
"spotify:track:36I0ChI0Jaa9uPBtFJkvPQ","Quemar el Mar","spotify:artist:5Qvyfq1Nfeju9R8prt8M7a, spotify:artist:3RCztsjXccqtUFDj5Qxi3n, spotify:artist:0hIfBskfKpHRadrSvaoDqe, spotify:artist:2ddexoaNYFSf5iB7ZkcNLX","Lágrimas De Sangre, Still Ill, Neidos, Microbio","spotify:album:6fyxYcIfzho8JboNebaEcE","Vértigo","1","16","289379","","2020-06-19T11:53:34Z"
"spotify:track:5379uuUPHodsdVhy8pIAAr","Locura","spotify:artist:5DUlefCLzVRzNWaNURTFpK, spotify:artist:07YUOmWljBTXwIseAUd9TW","Cali Y El Dandee, Sebastian Yatra","spotify:album:6IJ3u6R56lp0AUT0W9snon","Colegio","1","1","209026","","2020-06-11T14:47:27Z"
"spotify:track:07Lxxln9lZ8m0hT6EySTCe","Atrévete","spotify:artist:1etnyde2WY88gYflxPABE2","Yago Roche","spotify:album:3lbCnaH54uHWWSWVdlYynC","Atrévete","1","1","190000","","2020-06-09T15:24:18Z"
"spotify:track:52zq2a71SGs3f1vJuv59ui","Como Llora","spotify:artist:7zY0DMisq1oYXvNNgGwHBY","Juanfran","spotify:album:2AVlVJLLSUfFx1oePPiNMl","Como Llora","1","1","187500","","2020-06-03T18:59:01Z"
"spotify:track:7gFfoZEpa8Xu2lmeBRvvab","Fotos","spotify:artist:0MqIfXyd1cxF5dUJwzaw9F","Bless","spotify:album:4pzYmUcb5sxhQYmXXZ1ayR","Fotos","1","1","176254","","2020-06-01T19:48:14Z"
"spotify:track:2gcms0w7HTmH1sG7KsZwzO","El Boom","spotify:artist:4VVEpEhC8NcR7AqNEds42U","Chimbala","spotify:album:4mz6MOD4TMS9jG3B7NnyCN","El Boom","1","1","219402","","2020-06-01T18:06:38Z"
"spotify:track:1gsz8zTpyj3ESg5PlLMJRl","Million Dollar Baby","spotify:artist:2Q2fYVYxFSmodq53BFyD6p, spotify:artist:26yFzc3IPtJB96UaRcnvkL","Cecilio G., Marvin Cruz","spotify:album:76rEMIsHHdHJ0un51sUvRv","Milion Dollar Baby (CEEGEEOTCP)","1","6","288204","","2020-05-31T11:31:44Z"
"spotify:track:4cQwU9jDzA67xbF2VA0PJ3","¿Entonces?","spotify:artist:5VyXOfvTQljStUXx1coETY, spotify:artist:2MqQvz7az8CqTuGoQQ1TnD","Robledo, Cubanbeef","spotify:album:6UEIHaK7dX0bPwxI0AE1HH","¿Entonces?","1","1","200000","","2020-05-30T11:19:21Z"
"spotify:track:3v11Dzqteb6I7h4Iwq59uF","Estar Aquí","spotify:artist:2V10Oq2sAheIVDSeW9QyFN, spotify:artist:3iY9PS7LxPnCVcCP7BjJOK","Delgao, Hens","spotify:album:1bk3k2w7OXKzYfGX8tHB2t","Estar Aquí","1","1","188919","","2020-05-30T11:03:39Z"
"spotify:track:2J9B63FawlTaPdg4eH5X03","Loco","spotify:artist:7a0XAaPaK2aDSqa8p3QnC7","Beéle","spotify:album:1uFr2PCsnDVZ71AiJnZYrb","Loco","1","1","204000","","2020-05-28T20:34:01Z"
"spotify:track:2U5cq89GCnsR1yixKkC8d5","Barking","spotify:artist:6ywXRaHY7m2DJ0dd7CsLAB","Ramz","spotify:album:0pgmZ0HKZYEIr71WHdaMN7","Barking","1","1","202826","","2020-05-27T11:49:05Z"
"spotify:track:6DDb7XRNUzeHmSoTbw5nmm","Pa toda la vida (feat. Mozart La Para)","spotify:artist:6vPXtLmNd3mW0dd1Rb9eQ9, spotify:artist:0odliLZMTk45CEVzF3Zocl","Don Patricio, Mozart La Para","spotify:album:0Ts0BIPx6Gcf7YZsn6EZ0W","Pa toda la vida (feat. Mozart La Para)","1","1","212330","","2020-05-25T22:06:35Z"
"spotify:track:14M8dLdMYo5rTxDVvIp85o","ATEO","spotify:artist:2LRoIwlKmHjgvigdNGBHNo","Feid","spotify:album:3js3vnaiDDghVu9ADH93Q5","FERXXO (VOL 1: M.O.R)","1","2","138680","","2020-05-20T10:11:05Z"
"spotify:track:0WxhO7pvOWqFJRMBQ3q3B2","Ronca","spotify:artist:7iK8PXO48WeuP03g8YR51W","Myke Towers","spotify:album:3dM5WCvdXdNqLE14d16GmJ","Easy Money Baby","1","17","149733","","2020-05-20T10:02:48Z"
"spotify:track:2qON8SpeBDBSoWCvDKuwbU","Bésame","spotify:artist:5gOJTI4TusSENizxhcG7jB, spotify:artist:1ackd5XprZEkH3McKbQD51","David Bisbal, Juan Magán","spotify:album:4RvfXzwyyTmAGfjW4WFAsE","Bésame","1","1","200961","","2020-05-20T10:00:49Z"
"spotify:track:135xSFw3QlVAgPZk8qUiX7","Me supo a poco","spotify:artist:1RTZXV2Txeij9hW1C88mfs","Marlon","spotify:album:4QYvsSTGMgj5VJjDENwUYb","Cosas que no se pagan con dinero","1","3","211185","","2020-05-17T16:23:41Z"
"spotify:track:4YI5EMDAMgraULSNj0A4pR","Laponia","spotify:artist:5Q30fhTc0Sl0Q4C5dOjhhQ","La La Love You","spotify:album:15GBLlgs8CbhCz3sXRGQLk","La la Love You","1","8","192253","","2020-05-13T08:23:42Z"
"spotify:track:1sPw28uimhBPPvxpwmfljV","Cuando Éramos Dos","spotify:artist:2rGri7YZ2eiCS58zgvmlQb, spotify:artist:5N3YDBGT2gUzXgLDTwPRi5","Sinsinati, Álvaro De Luna","spotify:album:7dyLWNY7CjNAPmxn9ideVQ","Cuando Éramos Dos","1","1","205059","","2020-05-11T16:01:33Z"
"spotify:track:5umY9qaaIVJY7cLROwjtCB","Mitad y Mitad (Boinbox Remix)","spotify:artist:7GmXwGXJSsmWTkCyk5Twux, spotify:artist:7dp8dR96gWncIypef8kTnS, spotify:artist:6kn7LhH5siatL0X1kefy0r","Kase.O, Najwa, BOXINBOX","spotify:album:4k9GfZnYkW0gxkY25xFmzG","Remixes y Regalos (Edición Spotify)","1","9","283280","","2020-05-08T11:47:46Z"
"spotify:track:6f4LYJwICqxoAILj82kwB0","Nunca Estoy","spotify:artist:5TYxZTjIPqKM8K8NuP9woO","C. Tangana","spotify:album:4OYHwdjX2Ocuj792RJETJ9","Nunca Estoy","1","1","162222","","2020-04-27T17:54:30Z"
"spotify:track:2zBgCRY5xJfbjPuG9MTSA2","Aleluya (Pt.2)","spotify:artist:2IMZYfNi21MGqxopj9fWx8","Rels B","spotify:album:6GXucyDVunCpe3OCoVo1xA","Para Llegar Arriba","1","2","155166","","2020-04-26T21:26:56Z"
"spotify:track:5yY9lUy8nbvjM1Uyo1Uqoc","Life Is Good (feat. Drake)","spotify:artist:1RyvyyTE3xzB2ZywiAwp0i, spotify:artist:3TVXtAsR1Inumwj472S9r4","Future, Drake","spotify:album:5uCEoLCj3ZZZ1EtzQdQWVl","Life Is Good (feat. Drake)","1","1","237735","","2020-04-26T09:19:59Z"
"spotify:track:127QTOFJsJQp5LbJbu3A1y","Toosie Slide","spotify:artist:3TVXtAsR1Inumwj472S9r4","Drake","spotify:album:3xIwVbGJuAcovYIhzbLO3J","Toosie Slide","1","1","247058","","2020-04-26T09:19:50Z"
"spotify:track:5Mi624HZtHnUUsz3JbM4FO","Oh Keira","spotify:artist:4YGQgS8rZcbt0VOsV6GPcv","Miren","spotify:album:4oiAfgkMzC9L8zx1nF6VaO","Oh Keira","1","1","134374","","2020-04-22T11:32:46Z"
"spotify:track:2dAtT2pr1be1N41fnhjkUI","Mandamientos","spotify:artist:25zX9PaDq2AuvsFQQMmKAG","Adridf","spotify:album:0LP4CwPHe3bKHnBC9ho3Gk","Mandamientos","1","1","128688","","2020-04-22T09:04:43Z"
"spotify:track:0w9nGGC4dZnymAuoZBm6AI","London (Winter Series 3)","spotify:artist:5JcO3FHEBbWTQMUHmWtU2g, spotify:artist:1QJbbsxg2wqidJj51d3otw, spotify:artist:0GABUps2B17UMu6M8tkEDS","Juancho Marqués, Natos y Waor, InnerCut","spotify:album:43YRxgD5m6ueHsHNWqz3wT","London (Winter Series 3)","1","1","192500","","2020-04-21T19:16:06Z"
"spotify:track:0wGoOwOvLGCZqz8mNFMpAC","360","spotify:artist:47MpMsUfWtgyIIBEFOr4FE","Lunay","spotify:album:46xbsFOp9g1WqTidQEs7YT","Épico","1","3","176000","","2020-04-21T11:57:25Z"
"spotify:track:0jT8Nl0shPS8115is0wD2Q","Favorito","spotify:artist:28gNT5KBp7IjEOQoevXf9N","Camilo","spotify:album:6xS6mQz1fQZ6eZE654J15I","Por Primera Vez","1","3","209765","","2020-04-21T08:32:17Z"
"spotify:track:4aAfLSx9IthpC3Pw5pNk3E","Como Si Fueras a Morir Mañana","spotify:artist:5Hsv8dUHHOdnn72q4XIVz7","Leiva","spotify:album:1T2uKSyUf7DBWOABtsmYLM","Nuclear","1","8","240984","","2020-04-20T22:28:53Z"
"spotify:track:2tGENA8xef0wABdHvyXwv9","La Cama - Remix","spotify:artist:47MpMsUfWtgyIIBEFOr4FE, spotify:artist:7iK8PXO48WeuP03g8YR51W, spotify:artist:1i8SpTcr7yvPOmcqrbnVXY, spotify:artist:37230BxxYs9ksS7OkZw3IU, spotify:artist:1mcTU81TzQhprhouKaTkpq","Lunay, Myke Towers, Ozuna, Chencho Corleone, Rauw Alejandro","spotify:album:0hzFhU2sz14urAdELOUwtU","La Cama (Remix)","1","1","330240","","2020-04-19T10:30:43Z"
"spotify:track:6beHXSNNAPKhtlXvefJC7s","Trofeo","spotify:artist:77ziqFxp5gaInVrF2lj4ht","Sech","spotify:album:42hQAOCVyZC2UWqxR8Uasb","A Side","1","4","206761","","2020-04-18T14:36:28Z"
"spotify:track:6ULxFpI5gp5XIVU1dyn4od","Mil Razones","spotify:artist:64PIeisw79uNk8zv5CrCyS, spotify:artist:0ItOFzqIuYuowqlrjJlNTH","LUIS BREA, El Miedo","spotify:album:7gXI6Rloxsv8R1A4onLBYf","Luis Brea y el Miedo","1","4","252240","","2020-04-13T10:07:26Z"
"spotify:track:6t9vQO3Ymir0ClkB9we47F","El ritmo del garaje","spotify:artist:5Fv0DQ1ZBuc2DlidtOUCZr","Loquillo","spotify:album:0zNfpXDuxmLVYoWYhIrTnU","Cuéntame cómo pasó La Movida. La década de oro del Pop español","1","21","293533","","2020-04-13T09:59:18Z"
"spotify:track:5mBWQ675Eb4j4fn6iuNnOe","Dime Bbsita","spotify:artist:5VyXOfvTQljStUXx1coETY, spotify:artist:5H18IK2f3v053mJ4t5at8w","Robledo, Alex Martini","spotify:album:51umKcxYWMVU7qjxO4eWzS","Dime Bbsita","1","1","174196","","2020-04-10T21:16:43Z"
"spotify:track:3iQOfefMGDVDwo8dZoco8T","PORFA","spotify:artist:2LRoIwlKmHjgvigdNGBHNo, spotify:artist:14zUHaJZo1mnYtn6IBRaRP","Feid, Justin Quiles","spotify:album:0FtoBBioPqwfaFNRhvv0dc","PORFA","1","1","233000","","2020-04-10T20:26:46Z"
"spotify:track:1VHM7HjNxtZkApy2EabI4e","El Mundo Tras el Cristal","spotify:artist:5UYbCAN2H4Yr4f46tN5AeD","La Guardia","spotify:album:1hQmICC4YS92qv5flhbNYs","2 En 1 - Vamonos - Cuando Brille El Sol","1","1","205066","","2020-04-10T19:40:24Z"
"spotify:track:6tu2FHuKL9C8pwNrityweQ","Te quiero","spotify:artist:60uh2KYYSCqAgJNxcU4DA0","Hombres G","spotify:album:2lsc9HZQaNf3gT7lIys2vN","Las baladas (Los singles vol II)","1","4","225760","","2020-04-10T11:23:16Z"
"spotify:track:6ZoOG5syYD7pQTkwdYQKeo","Más Colao Que el Colacao","spotify:artist:5Q30fhTc0Sl0Q4C5dOjhhQ","La La Love You","spotify:album:15GBLlgs8CbhCz3sXRGQLk","La la Love You","1","2","161186","","2020-04-10T11:11:43Z"
"spotify:track:4lMOQR1rRW5hJgJXOtKraL","Relación","spotify:artist:77ziqFxp5gaInVrF2lj4ht","Sech","spotify:album:378KGomt21mlfxD786uF7c","Relación","1","1","184254","","2020-04-08T10:47:43Z"
"spotify:track:2jGtKxyWHULVXbT75IWGZG","Pikete Italiano","spotify:artist:3mvje4iLJHQX3Wr757PSmf","KvndySwing","spotify:album:40kJnMd08axVm5Ex7ttJev","Gelato","1","2","188181","","2020-04-07T21:47:16Z"
"spotify:track:1algWk375QvT1XNJJbRsGM","Demasiado Loco","spotify:artist:3vQ0GE3mI0dAaxIMYe5g7z","Paulo Londra","spotify:album:0qJkFmVwwNXP6fvSemDZqn","Homerun","1","5","166548","","2020-04-02T23:54:52Z"
"spotify:track:7y7wBlwoftRZQIWcFGv0IY","Jóvenes Eternamente","spotify:artist:4P9xDIEyrtAeXRI6xOl2TS","Pol 3.14","spotify:album:0sKqADtq6YTITGntvnwL91","Jóvenes Eternamente","1","3","267645","","2020-03-31T12:38:58Z"
"spotify:track:7CftjFPCNYKLLAxDHp82vz","Jóvenes no tan Locos","spotify:artist:1nwjHzOUQZsNYX8xoWiGVC","Funzo & Baby Loud","spotify:album:14a6dhoUlsDJj2FH30iGVN","Jóvenes no tan Locos","1","1","178578","","2020-03-25T19:34:37Z"
"spotify:track:3FkmSUR7gcQHz1PhJW52Zy","De Ti Me Olvido","spotify:artist:6qyklgt2wzPT7KRdu15ZFL, spotify:artist:4bWHA8fMNjzfGPQqnh5D6y, spotify:artist:3XOMOMdcShaVEZi9xtuMNu","Love Yi, Recycled J, Naes Beats","spotify:album:4wBiT4yezE5fiWp8m0LOPI","De Ti Me Olvido","1","1","221922","","2020-03-23T16:21:21Z"
"spotify:track:3z5QE16DtyXy4SM3rVMIWY","Jóvenes to Locos","spotify:artist:1nwjHzOUQZsNYX8xoWiGVC","Funzo & Baby Loud","spotify:album:5w6LdThmP8wanqIkxjhaYT","Jóvenes to Locos","1","1","161442","","2020-03-23T13:13:08Z"
"spotify:track:5SeYlZyKVENMOxiSPQkKyw","El Fin del Mundo","spotify:artist:5Q30fhTc0Sl0Q4C5dOjhhQ, spotify:artist:31IVfzTQ5bAPL8XMrO6dVx","La La Love You, Axolotes Mexicanos","spotify:album:4VfiuZYoSkkLs7N68l75jN","El Fin del Mundo","1","1","188093","","2020-03-21T16:05:42Z"
"spotify:track:0HkLxd8oNOo5BFQsIvtkvO","Intoxicao","spotify:artist:5TYxZTjIPqKM8K8NuP9woO","C. Tangana","spotify:album:19lX6EAXyt4uROdcsgnoiX","Ídolo","1","5","206693","","2020-03-16T19:02:14Z"
"spotify:track:7LQLbChhh7aURz53yOTLAr","Entre Poetas y Presos","spotify:artist:036IY6CphXdsPiqIXdqvCP","La Raíz","spotify:album:0GB3w2P0EK3REk02nDLaue","Entre Poetas y Presos","1","2","267679","","2020-03-16T18:57:59Z"
"spotify:track:4z6wo6PJG4Fve45OXK6D9m","Infeliz","spotify:artist:4SsVbpTthjScTS7U2hmr1X, spotify:artist:4q3ewBCX7sLwd24euuV69X","Arcangel, Bad Bunny","spotify:album:0CPLMVp7rMi3BkzAMve96K","Historias de un Capricornio","1","5","221103","","2020-03-11T14:30:33Z"
"spotify:track:7tujM013GDVU2TNK1VV3ds","Rojo","spotify:artist:1vyhD5VmyZ7KMfW5gqLgo5","J Balvin","spotify:album:2JsshJwuZYg4sxp5e0PPJ7","Rojo","1","1","151146","","2020-03-11T14:30:32Z"
"spotify:track:3OaunNUlXXs5e2PXtNAzzG","UCLA","spotify:artist:5eIbEEQnDM8yuDVB0bimSP, spotify:artist:4isewEHTP7Az2QheDdBQ6J","RL Grime, 24hrs","spotify:album:7GpuEZzRrPT4IGiEuWaBzy","NOVA","1","13","192000","","2020-03-09T00:23:05Z"
"spotify:track:3PtT7oWa1bKzIEkZY2tGvR","22:23","spotify:artist:6vPXtLmNd3mW0dd1Rb9eQ9","Don Patricio","spotify:album:3csptRFuVuyE9utHMLVCTe","22:23","1","1","201818","","2020-03-07T03:10:59Z"
"spotify:track:21Oh0PHE9KQPXPUvXk7sY9","100 Preguntas","spotify:artist:1i8SpTcr7yvPOmcqrbnVXY","Ozuna","spotify:album:1uCbmWZsZfSMpdUXZ29EH7","100 Preguntas","1","1","178080","","2020-03-06T02:08:53Z"
"spotify:track:6qr5QZueNxjHMWPMls8G6l","En otra historia","spotify:artist:6vPXtLmNd3mW0dd1Rb9eQ9","Don Patricio","spotify:album:3nUENFiBRRQNI0zExFP9DL","En otra historia","1","1","182828","","2020-03-01T01:27:21Z"
"spotify:track:3T1egHTtRtYoal4SPUJAAe","Quédate conmigo","spotify:artist:7D62OQfwvslnxJn9DkZm2F, spotify:artist:4gnG14mIS3ejJyqqyJHhsN","Pole., Pilar Moxó","spotify:album:0HHDM7CgwbrHRGxRR69Us6","Quédate conmigo","1","1","216032","","2020-03-01T00:11:08Z"
"spotify:track:1bzrqNk4rZJuq4iXsutcXw","Desconfiao","spotify:artist:3iY9PS7LxPnCVcCP7BjJOK, spotify:artist:67TDVqPf5B8RQzCg2yZpBk","Hens, Lionware","spotify:album:7o9C9v3OOOT0Mp1qq9IEPl","Desconfiao","1","1","169142","","2020-02-29T01:46:09Z"
"spotify:track:2hEAzeVjXO2tVyaxbDTw99","Intoxicao","spotify:artist:3iY9PS7LxPnCVcCP7BjJOK","Hens","spotify:album:5sxa0jw2OnXMG4TBqSCcNn","Intoxicao","1","1","131919","","2020-02-29T00:55:04Z"
"spotify:track:1a071Cx7zQpmyOOb8y0PIq","Batmóvil","spotify:artist:3iY9PS7LxPnCVcCP7BjJOK, spotify:artist:7D62OQfwvslnxJn9DkZm2F","Hens, Pole.","spotify:album:1EI5zNuRrqLGx2zfPaCJmM","Batmóvil","1","1","203233","","2020-02-29T00:53:22Z"
"spotify:track:3b6FrdBVXMV8bT0W9Sm4JU","Cholo","spotify:artist:7eH1UUCyxL8Wf9PztvvPJ6","Arce","spotify:album:0nFIAsLOuavv8a9xPY2JK9","Pedigrí","1","3","268612","","2020-02-27T17:43:26Z"
"spotify:track:37g560SILUk2rfaVLBw52t","Menos Mal","spotify:artist:30HlKUFTsqlFQsPfyv2yuM","Danny Romero","spotify:album:7yNonqd3rd95zD7VO3mjb8","Menos Mal","1","1","177949","","2020-02-25T20:25:34Z"
"spotify:track:1mF6sMUsRU9MisrdB9qWvg","Mejor","spotify:artist:0KPX4Ucy9dk82uj4GpKesn, spotify:artist:77ziqFxp5gaInVrF2lj4ht","Dalex, Sech","spotify:album:0QVcNjwxgVhBzZfnsfENXH","Mejor","1","1","201361","","2020-02-22T04:27:14Z"
"spotify:track:4QPLtCSQh10inI5iwUoG2p","Mil Tequilas","spotify:artist:1tMWkquIkQtVD6vaZlDbSQ","Chema Rivas","spotify:album:5tjBHzuZLK5627gummmA1Y","Mil Tequilas","1","1","255450","","2020-02-22T04:25:49Z"
"spotify:track:7xX3wvvcZvxGCa06KlgTCp","Tú","spotify:artist:7iK8PXO48WeuP03g8YR51W","Myke Towers","spotify:album:3dM5WCvdXdNqLE14d16GmJ","Easy Money Baby","1","2","204746","","2020-02-19T21:30:19Z"
"spotify:track:4EoL9ORsqIQOppIpQFuPDK","Mi accidente preferido (con Juancho Sidecars y Sidecars)","spotify:artist:0QE9iXPzgSaBq34OqIZ4n2, spotify:artist:0SbrR0n1dENC05Dg3Wt5wH, spotify:artist:1OxGzd3ks0V8CVWtXT1VMj","Despistaos, Juancho Sidecars, Sidecars","spotify:album:5q1rE767rQUI2tzvrU0ExF","Estamos enteros","1","3","206260","","2020-02-19T03:00:52Z"
"spotify:track:1OagS2trK0aRoDhQd9tALB","En Privao","spotify:artist:5JcO3FHEBbWTQMUHmWtU2g, spotify:artist:1O77s4Fe4GrRPBlUKRUcEw","Juancho Marqués, J Dose","spotify:album:2WzIM6jELLOQ2IO2kKNZsF","Blue Sundays","1","5","173592","","2020-02-18T15:37:49Z"
"spotify:track:64vB5VGDLpBecqgWOLVNI4","Nos Vamos a Comer el Mundo","spotify:artist:5JcO3FHEBbWTQMUHmWtU2g, spotify:artist:1vBn5Puz4mdZopZEHq1QDq","Juancho Marqués, La Maravillosa Orquesta del Alcohol","spotify:album:2WzIM6jELLOQ2IO2kKNZsF","Blue Sundays","1","7","246000","","2020-02-18T15:11:36Z"
"spotify:track:3eJr6E40w79CEFlWEN0yLC","Dile","spotify:artist:7eH1UUCyxL8Wf9PztvvPJ6","Arce","spotify:album:7fIKb69LjyKzi3eAQku728","Dile","1","1","206511","","2020-02-17T19:29:51Z"
"spotify:track:7qDTAQ9xb8V0w4hsoo4GyB","Mil Pecados","spotify:artist:5JcO3FHEBbWTQMUHmWtU2g, spotify:artist:5Zn0af1O7iYPF95RlsBVun","Juancho Marqués, Gabriel Fernández","spotify:album:7vcXrSc3D2EoyaBpFOrIvg","Álbum Uno","1","13","277200","","2020-02-17T17:19:34Z"
"spotify:track:4r2IrqOOdh3dPUKyvRHaSE","Contando Lunares (feat. Anitta & Rauw Alejandro) - Remix","spotify:artist:6vPXtLmNd3mW0dd1Rb9eQ9, spotify:artist:7FNnA9vBm6EKceENgCGRMb, spotify:artist:1mcTU81TzQhprhouKaTkpq","Don Patricio, Anitta, Rauw Alejandro","spotify:album:5wyTw4hwoCh47W3Dddi4bq","Contando Lunares (feat. Anitta & Rauw Alejandro) [Remix]","1","1","270532","","2020-02-17T17:14:31Z"
"spotify:track:74OHxW9pnL556uodW2m6SQ","La Placita","spotify:artist:5Uox3n7m4W2CoM9MmHPJwQ, spotify:artist:4oNsvVnFz4HQ0UPpPFSuJX, spotify:artist:7q3hzOFspDedtkyBi1Azc8","Delaossa, Easy-S, J.Moods","spotify:album:6l0tL9pnIWqrTyLhRfMW64","La Placita","1","1","228292","","2020-02-17T14:42:46Z"
"spotify:track:3JHpk0DOTOzyh0777JFAky","Diosa","spotify:artist:7iK8PXO48WeuP03g8YR51W","Myke Towers","spotify:album:3dM5WCvdXdNqLE14d16GmJ","Easy Money Baby","1","12","214013","","2020-02-16T00:45:03Z"
"spotify:track:3wYRLYuO1M88d8woWUIxct","Ignorantes","spotify:artist:4q3ewBCX7sLwd24euuV69X, spotify:artist:77ziqFxp5gaInVrF2lj4ht","Bad Bunny, Sech","spotify:album:7Hw9RJbQPN0gUx4xjgFLhj","Ignorantes","1","1","210606","","2020-02-14T19:16:46Z"
"spotify:track:74D7JUfU6HYeMx4bZhsHnG","What If I Told You That I Love You","spotify:artist:4rTv3Ejc7hKMtmoBOK1B4T","Ali Gatie","spotify:album:0FJdFiVzdDw7YXiNdds38M","What If I Told You That I Love You","1","1","193667","","2020-02-14T14:47:12Z"
"spotify:track:6uYgCE2OEulOw5zhHvZsHf","Love Me More","spotify:artist:6Xgp2XMz1fhVYe7i6yNAax","Trippie Redd","spotify:album:0tKX7BLXiiRgXUKYdJzjEz","A Love Letter To You 4","1","4","143712","","2020-02-07T19:10:32Z"
"spotify:track:5IaHrVsrferBYDm0bDyABy","Taste (feat. Offset)","spotify:artist:5LHRHt1k9lMyONurDHEdrp, spotify:artist:4DdkRBBYG6Yk9Ka8tdJ9BW","Tyga, Offset","spotify:album:0yd01cU78rnlFXq6vRxPSR","Taste (feat. Offset)","1","1","232959","","2020-02-07T19:06:39Z"
"spotify:track:7sQKy5vlPQllr0k9IjYJv3","Sigues Con El","spotify:artist:3fZk3Gm5dN5v5yfYMQ04Bx, spotify:artist:4SsVbpTthjScTS7U2hmr1X, spotify:artist:77ziqFxp5gaInVrF2lj4ht","Dímelo Flow, Arcangel, Sech","spotify:album:1y0pdsLO6cixGzAv7Sf8rf","Sigues Con El","1","1","226532","","2020-02-03T17:20:20Z"
"spotify:track:3PKk9pGTfQBINlJrEyrH6c","Una Vez Más","spotify:artist:0tmwSHipWxN12fsoLcFU3B, spotify:artist:3RtNN1VnooWEn3KQk03DUL","Manuel Turizo, Noriel","spotify:album:4XR9MgIR3Uvgz79jJ7imiI","Una Vez Más","1","1","252000","","2020-02-03T04:58:20Z"
"spotify:track:5CQzOnFWI0liUblbHYVNge","La Cama","spotify:artist:47MpMsUfWtgyIIBEFOr4FE, spotify:artist:7iK8PXO48WeuP03g8YR51W","Lunay, Myke Towers","spotify:album:5Jl9YOVZyAud3rdug5uLDi","La Cama","1","1","189295","","2020-02-02T03:47:47Z"
"spotify:track:7AyXdBQAgRLJBK72gqq0Hz","Te Busco","spotify:artist:77ziqFxp5gaInVrF2lj4ht, spotify:artist:2DspEsT7UXGKd2VaaedgG4","Sech, Alex Rose","spotify:album:7sxSaAYrq3kXLmTuGkIBFU","The Sensation","1","4","158824","","2020-01-30T22:53:54Z"
"spotify:track:5yywVwjoDHo96WwbKmwL2E","Si Tú Me Quisieras","spotify:artist:2t7vyRN71qtQT18frElAnV, spotify:artist:5XJDexmWFLWOkjOEjOVX3e","Maikel Delacalle, Eladio Carrion","spotify:album:6g8j411zc522cmMmApE6n6","Si Tú Me Quisieras","1","1","167894","","2020-01-29T17:36:47Z"
"spotify:track:4QtQgsK7DChmU4EM5NtqyK","Borracho De Amor","spotify:artist:5DUlefCLzVRzNWaNURTFpK, spotify:artist:0vR2qb8m9WHeZ5ByCbimq2","Cali Y El Dandee, Reik","spotify:album:5UQzf2MzbX7qGysHDX11Pg","Borracho De Amor","1","1","175706","","2020-01-29T17:29:38Z"
"spotify:track:136CX6wDztVvmLqqdDeghV","Es Normal","spotify:artist:2663St0NB1IsbMnlF69AeW, spotify:artist:0KPX4Ucy9dk82uj4GpKesn, spotify:artist:7kXCcNRLEnblbTAppPraBp, spotify:artist:1jSjfSgDjedJdi5MoyRu78, spotify:artist:4h6Eg0dBZ4Fr8vRcSn8r5r","Menor Menor, Dalex, Milly, Lary Over, Sharo Towers","spotify:album:6gd4K4wOY9knRtrgIvLz7D","Es Normal","1","1","249213","","2020-01-29T17:29:30Z"
"spotify:track:1BjOuCJCLpW0a8dkfCIxJ1","Luna Negra","spotify:artist:3FMSruo9bVg1Nz93Y2VamA","Beltran","spotify:album:0jZ8ZiBwt1EgwQUrbDXJSH","La Memoria del Agua","1","4","141065","","2020-01-26T10:48:43Z"
"spotify:track:6Y4PDQv4XjYjHLeLmvyOt0","Si Te Vas","spotify:artist:77ziqFxp5gaInVrF2lj4ht, spotify:artist:1i8SpTcr7yvPOmcqrbnVXY","Sech, Ozuna","spotify:album:2S6p0g6YzG3609Ty45i5Cq","Si Te Vas","1","1","204906","","2020-01-16T10:25:49Z"
"spotify:track:5Cbo7oz78gqkzV3EAM63VA","+","spotify:artist:7eLcDZDYHXZCebtQmVFL25, spotify:artist:5DUlefCLzVRzNWaNURTFpK","Aitana, Cali Y El Dandee","spotify:album:6zardvJflEyoRedCUCBUw9","+","1","1","219367","","2020-01-15T12:33:02Z"
"spotify:track:4ptmvueuWgilsYwI6u9V46","Tu Historia y la Mía","spotify:artist:3iY9PS7LxPnCVcCP7BjJOK, spotify:artist:0hTpzLejwiEa2ClxGbVvty","Hens, Only","spotify:album:47wAYXNqv9nASiI6jLNFcT","Tu Historia y la Mía","1","1","200440","","2020-01-14T23:42:23Z"
"spotify:track:2XdRo1lasJsdzidxhoLua7","Gloria","spotify:artist:1QJbbsxg2wqidJj51d3otw, spotify:artist:7eH1UUCyxL8Wf9PztvvPJ6","Natos y Waor, Arce","spotify:album:3sz0LJQb9GHW0XNTaVNZD3","Gloria","1","1","179482","","2020-01-14T23:10:19Z"
"spotify:track:2LCjKx2RWoEip8VahAXJmg","Huella (feat. Pitizion)","spotify:artist:7eH1UUCyxL8Wf9PztvvPJ6, spotify:artist:0GWdY55YF6xzN5L1A0X8nq","Arce, Pitizion","spotify:album:0nFIAsLOuavv8a9xPY2JK9","Pedigrí","1","4","188219","","2020-01-13T00:58:22Z"
"spotify:track:19OsDvOm2hw28Bqg7wo4Ox","Cicatrices","spotify:artist:1QJbbsxg2wqidJj51d3otw","Natos y Waor","spotify:album:1lASvFkra4rNUh4QNZS0u1","Cicatrices","1","2","180000","","2020-01-13T00:44:10Z"
"spotify:track:1eQBEelI2NCy7AUTerX0KS","Ultralight Beam","spotify:artist:5K4W6rqBFWDnAN6FQUkS6x","Kanye West","spotify:album:7gsWAHLeT0w7es6FofOXk1","The Life Of Pablo","1","1","320680","","2020-01-12T00:34:50Z"
"spotify:track:0mcBgVRVsvESTkEyVHt7Ue","No Vuelvas Más","spotify:artist:1TtXnWcUs0FCkaZDPGYHdf","Darell","spotify:album:4VNUfBtbxnBGDbhiGuRiw0","No Vuelvas Más","1","1","239093","","2020-01-09T12:57:20Z"
"spotify:track:6qqd7DGn2VXzxsR4k3Ycun","Fantasias - Unplugged","spotify:artist:1mcTU81TzQhprhouKaTkpq, spotify:artist:329e4yvIujISKGKz1BZZbO","Rauw Alejandro, Farruko","spotify:album:2NQINd10CuEMzd7wBMZc7G","Fantasias (Unplugged)","1","1","200593","","2020-01-07T17:30:56Z"
"spotify:track:2f237byd0A2w0fLlnVDOV4","Patek","spotify:artist:1i8SpTcr7yvPOmcqrbnVXY, spotify:artist:2R21vXR83lH98kGeO99Y66, spotify:artist:7hJcb9fa4alzcOq3EaNPoG","Ozuna, Anuel AA, Snoop Dogg","spotify:album:7f6r6ijWtMJ0QYydwuCYvH","Nibiru","1","9","249733","","2020-01-07T17:14:01Z"
"spotify:track:6t94PGXYAuo9GbJEnMpPcW","La Forma en Que Me Miras","spotify:artist:6HqgxkTt9KGyt27zYrwVan, spotify:artist:71FfEgML4GAokNHmW1GKPF, spotify:artist:7iK8PXO48WeuP03g8YR51W, spotify:artist:1pQWsZQehhS4wavwh7Fnxd, spotify:artist:11YLRSsZA3YVuQQtHXKTlz","Super Yei, Sammy, Myke Towers, Lenny Tavárez, Rafa Pabön","spotify:album:4C1RvpT7vJ7H8j21larWQU","La Forma en Que Me Miras","1","1","307435","","2020-01-07T17:10:31Z"
"spotify:track:5DxXgozhkPLgrbKFY91w0c","Vete","spotify:artist:4q3ewBCX7sLwd24euuV69X","Bad Bunny","spotify:album:3fxzSn0ObgCjLadyR53ohN","Vete","1","1","192024","","2020-01-03T10:30:48Z"
"spotify:track:4Md1KGXd7wlAyEV7zam4Bi","Sin Ti","spotify:artist:1lhouf62e5nnvFhbjwLU3j","Air Magno","spotify:album:3RXK2iYH2c38DiBfDMT2Ij","Sin Ti","1","1","221250","","2020-01-01T21:07:31Z"
"spotify:track:78CVgSm8s9pfpwCqvqzEYB","PRMVR","spotify:artist:1vBn5Puz4mdZopZEHq1QDq","La Maravillosa Orquesta del Alcohol","spotify:album:68bZxGAXn6BcPdx26LiLyj","La Primavera del Invierno","1","4","183013","","2019-12-27T21:36:16Z"
"spotify:track:0xVOXUryXFWedCo4i8xe0P","Haz de luz","spotify:artist:6G43BFwUJvFWbev3knhgEa","Rayden","spotify:album:0CW2HjPurqSJZTh4Jdfgh7","Sinónimo","1","3","273113","","2019-12-26T01:52:30Z"
"spotify:track:2pWOMNQJW3g2zmGjP0Vkb0","Whine Up","spotify:artist:1SupJlEpv7RS2tPNRaHViT, spotify:artist:2R21vXR83lH98kGeO99Y66","Nicky Jam, Anuel AA","spotify:album:1CYQlkKE5Q0khU6eMwVAVt","Intimo","1","3","215459","","2019-12-25T11:48:36Z"
"spotify:track:15JINEqzVMv3SvJTAXAKED","Love The Way You Lie","spotify:artist:7dGJo4pcD2V6oG8kP0tJRR, spotify:artist:5pKCCKE2ajJHZ9KAiaK11H","Eminem, Rihanna","spotify:album:47BiFcV59TQi2s9SkBo2pb","Recovery","1","15","263373","","2019-12-23T14:21:50Z"
"spotify:track:3TqLIW3qd4qFYkfYsBjVN6","Delincuente","spotify:artist:329e4yvIujISKGKz1BZZbO, spotify:artist:2R21vXR83lH98kGeO99Y66, spotify:artist:1WMwuNKzEFtU6pPkdtryYS","Farruko, Anuel AA, Kendo Kaponi","spotify:album:1PgFsarDcIwCvLX32DpcxB","Gangalee","1","7","396120","","2019-12-07T19:30:02Z"
"spotify:track:5Wcz0MyZQa7tgPu62WMqzl","Héroes del Sábado","spotify:artist:1vBn5Puz4mdZopZEHq1QDq","La Maravillosa Orquesta del Alcohol","spotify:album:7d8wuHnJtTlLflpNySeDgp","Salvavida (de las Balas Perdidas)","1","5","244767","","2019-12-04T19:54:52Z"
"spotify:track:70VMbawI1hLFXejOo5eG5w","Te Quiodio","spotify:artist:1aMt4A5jrQHxDYyC7rXgV0","Pol Granch","spotify:album:0MK46tYVXRX1qiSuGuT6sp","Te Quiodio","1","1","151000","","2019-12-04T19:46:13Z"
"spotify:track:1IDFcb3cjkj2dhv3UaxX9b","De Tranquilote","spotify:artist:30HlKUFTsqlFQsPfyv2yuM, spotify:artist:4d3kmfoZBTuUPSUjgP45uo","Danny Romero, Lérica","spotify:album:6Rdeo87NR0q1pxlxxx6Ies","De Tranquilote","1","1","177208","","2019-12-04T15:48:23Z"
"spotify:track:7k4t7uLgtOxPwTpFmtJNTY","Tusa","spotify:artist:790FomKkXshlbRYZFtlgla, spotify:artist:0hCNtLu0JehylgoiP8L4Gh","KAROL G, Nicki Minaj","spotify:album:7mKevNHhVnZER3BLgI8O4F","Tusa","1","1","200960","","2019-12-01T20:36:22Z"
"spotify:track:0lbhKycRyqkOMKZ6thzfU4","Mi Error - Remix","spotify:artist:5XJDexmWFLWOkjOEjOVX3e, spotify:artist:21451j1KhjAiaYKflxBjr1, spotify:artist:1wZtkThiXbVNtj6hee6dz9, spotify:artist:47MpMsUfWtgyIIBEFOr4FE","Eladio Carrion, Zion & Lennox, Wisin & Yandel, Lunay","spotify:album:5mG7RptOZno8N5iuCezmbz","Mi Error (Remix)","1","1","315862","","2019-11-20T16:16:20Z"
"spotify:track:1tpbAGsGpZee5jDHMcLrUJ","Bellaquita","spotify:artist:0KPX4Ucy9dk82uj4GpKesn, spotify:artist:1pQWsZQehhS4wavwh7Fnxd","Dalex, Lenny Tavárez","spotify:album:3RWeME5ryDw9wxO99OoDgP","Bellaquita","1","1","204786","","2019-11-19T02:02:59Z"
"spotify:track:2b8fOow8UzyDFAE27YhOZM","Memories","spotify:artist:04gDigrS5kc9YWfZHwBETP","Maroon 5","spotify:album:3nR9B40hYLKLcR0Eph3Goc","Memories","1","1","189486","","2019-11-14T14:47:44Z"
"spotify:track:7qEHsqek33rTcFNT9PFqLf","Someone You Loved","spotify:artist:4GNC7GD6oZMSxPGyXy4MNB","Lewis Capaldi","spotify:album:5658aM19fA3JVwTK6eQX70","Divinely Uninspired To A Hellish Extent","1","4","182160","","2019-11-14T14:42:16Z"
"spotify:track:6Gg1gjgKi2AK4e0qzsR7sd","Bandit (with YoungBoy Never Broke Again)","spotify:artist:4MCBfE4596Uoi2O4DtmEMz, spotify:artist:7wlFDEWiM5OoIAt8RSli8b","Juice WRLD, YoungBoy Never Broke Again","spotify:album:3t6Z2qoBVCS4NHNI25XECH","Bandit (with YoungBoy Never Broke Again)","1","1","189322","","2019-11-14T14:42:14Z"
"spotify:track:1ZPWWSwCkxKfqdp4H0RFCo","ROXANNE","spotify:artist:0vRvGUQVUjytro0xpb26bs","Arizona Zervas","spotify:album:1BAHbTOKeZ1w0DeFSVi5Tn","ROXANNE","1","1","163636","","2019-11-14T14:42:10Z"
"spotify:track:5U3vSYm3goqsghve7VAVGK","Jugando","spotify:artist:4bWHA8fMNjzfGPQqnh5D6y, spotify:artist:6vPXtLmNd3mW0dd1Rb9eQ9, spotify:artist:1m9WPOccw8sizsVYUhSVjZ","Recycled J, Don Patricio, Selecta","spotify:album:7k6wYOuqXDyAshLqPjdj85","Jugando","1","1","220000","","2019-11-12T05:05:01Z"
"spotify:track:37zdqI4r1gswIzczSBkRon","Aventura","spotify:artist:47MpMsUfWtgyIIBEFOr4FE, spotify:artist:1i8SpTcr7yvPOmcqrbnVXY, spotify:artist:2R21vXR83lH98kGeO99Y66","Lunay, Ozuna, Anuel AA","spotify:album:46xbsFOp9g1WqTidQEs7YT","Épico","1","2","217129","","2019-11-11T00:11:58Z"
"spotify:track:1ScD7XQYCKmJ3fdNh71lUE","Bailemos","spotify:artist:0tmwSHipWxN12fsoLcFU3B, spotify:artist:77ziqFxp5gaInVrF2lj4ht","Manuel Turizo, Sech","spotify:album:0CUMVFalkFhZM6Xo0ErxLi","ADN","1","7","206294","","2019-11-10T18:26:05Z"
"spotify:track:2Xo3rLHjXfdb4avN68aQyi","BEST ON EARTH (feat. BIA) - Bonus","spotify:artist:1z7b1Pr1rSlvWRzsW3HOrS, spotify:artist:6veh5zbFpm31XsPdjBgPER","Russ, BIA","spotify:album:2TBJtc64Y76xWs98Mtko07","BEST ON EARTH (feat. BIA) [Bonus]","1","1","160720","","2019-11-04T04:26:59Z"
"spotify:track:7BuHdm4lQqcyG3qTwdkxus","Aullando","spotify:artist:1wZtkThiXbVNtj6hee6dz9, spotify:artist:5lwmRuXgjX8xIwlnauTZIP","Wisin & Yandel, Romeo Santos","spotify:album:4zbMionGv9W33xjQfoMyuo","Los Campeones del Pueblo ""The Big Leagues""","1","4","226200","","2019-10-31T21:40:58Z"
"spotify:track:6RyuoOJXNzlVWpfC5xQyeI","Alocao (With Bad Gyal)","spotify:artist:3lY9Fxceu60W1rbon7PkuF, spotify:artist:4F4pp8NUW08JuXwnoxglpN","Omar Montes, Bad Gyal","spotify:album:6pEhppkTzrKKGkQw4fNqOD","Alocao (With Bad Gyal)","1","1","209320","","2019-10-29T22:48:49Z"
"spotify:track:3quyxN3SapEsojxk1Uw10K","El ataque de las chicas cocodrilo","spotify:artist:60uh2KYYSCqAgJNxcU4DA0","Hombres G","spotify:album:6clqMga4PMBcBlWCR6idis","La Cagaste... Burt Lancaster","1","7","184360","","2019-10-29T19:30:48Z"
"spotify:track:5ImkwqUzIrxmVzdVg8Rf68","Nacidos para Creer","spotify:artist:4LbuSjHhhAddvN44qXpRJo","Amaia Montero","spotify:album:177hB0jI6xk2f2Z0QxUeAZ","Nacidos para Creer","1","1","226640","","2019-10-28T14:02:15Z"
"spotify:track:64qPik0uhgfKvJ9EdZQvt0","Quiero","spotify:artist:21ttsUKZ3y2Hm6nduyvbAw","Pignoise","spotify:album:4cAkoHC4oYBR0Q3wQtqZ1x","Año Zero","1","5","159773","","2019-10-28T00:37:35Z"
"spotify:track:68qttkVGajqS70DYYm2LHA","Celos","spotify:artist:4dqi10p8S91S2ChvcWsi1L","Andy & Lucas","spotify:album:5w5g7roqWoeIPOt4F01oqB","Desde Mi Barrio","1","1","232733","","2019-10-27T23:55:09Z"
"spotify:track:3c7U2Kj8YL8BquVmEhybCR","Si por mi fuera","spotify:artist:0ZHPrnImGh4re3TbSNkoZl","Beret","spotify:album:10Biiwr7Gd6dsEd4VgvFaZ","Si por mi fuera","1","1","208824","","2019-10-25T22:59:34Z"
"spotify:track:10Igtw8bSDyyFs7KIsKngZ","Freaky Friday (feat. Chris Brown)","spotify:artist:1tqhsYv8yBBdwANFNzHtcr, spotify:artist:7bXgB6jMjp9ATFy66eO08Z","Lil Dicky, Chris Brown","spotify:album:1XbNDGybI1iPfeQNJEeUdn","Freaky Friday (feat. Chris Brown)","1","1","216631","","2019-10-21T00:03:54Z"
"spotify:track:4o1DxRjMCHDwBiOKv88rOl","B11 (feat. Myke Towers)","spotify:artist:1fctva4kpRbg2k3v7kwRuS, spotify:artist:1TtXnWcUs0FCkaZDPGYHdf, spotify:artist:21451j1KhjAiaYKflxBjr1, spotify:artist:7iK8PXO48WeuP03g8YR51W","Rvssian, Darell, Zion & Lennox, Myke Towers","spotify:album:3dwf8z3LfHFTlAHiyrcGzb","B11 (feat. Myke Towers)","1","1","251929","","2019-10-19T01:11:14Z"
"spotify:track:1qdlys3D2hI2BV5qusTEFu","QUÉDATE, TE QUIERO","spotify:artist:2IMZYfNi21MGqxopj9fWx8","Rels B","spotify:album:5aQdVDQFVq43QFPPdSmUO4","Happy Birthday Flakko","1","9","117966","","2019-10-18T17:10:10Z"
"spotify:track:7fM24rKaYCTGf85Lj8U2pk","SIN MIRAR LAS SEÑALES","spotify:artist:2IMZYfNi21MGqxopj9fWx8","Rels B","spotify:album:5aQdVDQFVq43QFPPdSmUO4","Happy Birthday Flakko","1","4","180000","","2019-10-18T17:05:47Z"
"spotify:track:1SyBiNHbjrxMa93higpFce","SI NO TE VEO","spotify:artist:2IMZYfNi21MGqxopj9fWx8","Rels B","spotify:album:5aQdVDQFVq43QFPPdSmUO4","Happy Birthday Flakko","1","8","207640","","2019-10-18T16:06:50Z"
"spotify:track:1zzaawknHz9bMofpqN1wVS","OTRO CHEKE","spotify:artist:2IMZYfNi21MGqxopj9fWx8, spotify:artist:1bAftSH8umNcGZ0uyV7LMg, spotify:artist:7ciBW1p3KBsYIkFk4UmwS8","Rels B, Duki, The Rudeboyz","spotify:album:5aQdVDQFVq43QFPPdSmUO4","Happy Birthday Flakko","1","7","180800","","2019-10-18T16:05:05Z"
"spotify:track:0cl1HHPNtWJOQx0mNUnAFg","ORGULLO","spotify:artist:2IMZYfNi21MGqxopj9fWx8","Rels B","spotify:album:4mkKVm96efxW6GOKr3LNYW","ORGULLO","1","1","186426","","2019-10-16T21:37:30Z"
"spotify:track:3DYm7Lp7Fc3xf6WSCq5ntE","Cómo hablar","spotify:artist:4OkeTQCk0fvX6VBYpOOxDi","Amaral","spotify:album:4dPBUpgpgdXdeeUyEOh8jT","Una Pequeña Parte Del Mundo","1","3","241266","","2019-10-12T20:51:53Z"
"spotify:track:1AHf5FSofKcUw8tyKkccKF","do u even miss me at all?","spotify:artist:5i4BaWy8YIun1u3RXwmlWn","gianni & kyle","spotify:album:70MPfXExA0exvxma2bvref","do u even miss me at all?","1","1","177626","","2019-10-11T17:19:32Z"
"spotify:track:0t3ZvGKlmYmVsDzBJAXK8C","Goodbyes (feat. Young Thug)","spotify:artist:246dkjvS1zLTtiykXe5h60, spotify:artist:50co4Is1HCEo8bhOyUWKpn","Post Malone, Young Thug","spotify:album:4g1ZRSobMefqF6nelkgibi","Hollywood's Bleeding","1","14","174853","","2019-10-11T17:16:21Z"
"spotify:track:790MhTXPFrYkrqCKvpg4t1","Wanted You (feat. Lil Uzi Vert)","spotify:artist:7rkW85dBwwrJtlHRDkJDAC, spotify:artist:4O15NlyKLIASxsJ0PrXPfz","NAV, Lil Uzi Vert","spotify:album:3ZpAmjvMEsr7rsiTUbSS0W","Wanted You (feat. Lil Uzi Vert)","1","1","228080","","2019-10-10T19:19:58Z"
"spotify:track:5Z8HZM6iQMhhqyPcCGY5g9","Hot (feat. Gunna)","spotify:artist:50co4Is1HCEo8bhOyUWKpn, spotify:artist:2hlmm7s2ICUX0LVIhVFlZQ","Young Thug, Gunna","spotify:album:1bnHPO4dKK7IjvgrtVBcQh","So Much Fun","1","4","193026","","2019-10-07T01:42:42Z"
"spotify:track:6L89mwZXSOwYl76YXfX13s","Basket Case","spotify:artist:7oPftvlwr6VrsViSDV7fJY","Green Day","spotify:album:4uG8q3GPuWHQlRbswMIRS6","Dookie","1","7","181533","","2019-10-05T01:59:47Z"
"spotify:track:51Fjme0JiitpyXKuyQiCDo","Lalala","spotify:artist:6USMTwO0MNDnKte5a5h0xx, spotify:artist:41X1TR6hrK8Q2ZCpp2EqCz","Y2K, bbno$","spotify:album:4WlC4FXhonJhNTXCQPGP3r","Lalala","1","1","160626","","2019-10-03T19:38:22Z"
"spotify:track:1UGYiBDr73Oshjlstk7Nse","Comunicado de prensa","spotify:artist:6vPXtLmNd3mW0dd1Rb9eQ9","Don Patricio","spotify:album:2TqroO6KYdj3I6bW5zdRP9","Comunicado de prensa","1","1","183637","","2019-10-01T11:56:49Z"
"spotify:track:6gXouM2JAel7NDpDC0J5U6","Ibiza (Summer Series 3)","spotify:artist:5JcO3FHEBbWTQMUHmWtU2g, spotify:artist:4bWHA8fMNjzfGPQqnh5D6y, spotify:artist:0GABUps2B17UMu6M8tkEDS","Juancho Marqués, Recycled J, InnerCut","spotify:album:0hBzdFOy1f8xPZ0CnzOJ3P","Ibiza (Summer Series 3)","1","1","200210","","2019-10-01T11:56:46Z"
"spotify:track:5BhSZWrUa5xkZ2K7Ze5fVT","Me vas a ver","spotify:artist:0ZHPrnImGh4re3TbSNkoZl","Beret","spotify:album:2fQQrxHLh19ZQGFLOGBc2X","Me vas a ver","1","1","135739","","2019-09-30T19:03:48Z"
"spotify:track:0MsrWnxQZxPAcov7c74sSo","Holiday / Boulevard of Broken Dreams","spotify:artist:7oPftvlwr6VrsViSDV7fJY","Green Day","spotify:album:5dN7F9DV0Qg1XRdIgW8rke","American Idiot","1","3","493400","","2019-09-27T18:56:17Z"
"spotify:track:4b1h6qIGnLXWdXgjxBsOrt","96","spotify:artist:1RTZXV2Txeij9hW1C88mfs","Marlon","spotify:album:1W5fikG7EznNq8r7Xk3kZz","96","1","1","189148","","2019-09-16T23:01:35Z"
"spotify:track:1nocRtwyNPVtGcIJqfgdzZ","Tutu","spotify:artist:28gNT5KBp7IjEOQoevXf9N, spotify:artist:4QVBYiagIaa6ZGSPMbybpy","Camilo, Pedro Capó","spotify:album:6xu5asYeoMIT5Sa5b1P13q","Tutu","1","1","178613","","2019-09-16T18:22:53Z"
"spotify:track:7mUQIgokKUIVJtnk4w54xa","Volveré","spotify:artist:1RTZXV2Txeij9hW1C88mfs","Marlon","spotify:album:1X8aa6C0hn7I1Rn7kh41a8","Volveré","1","1","219992","","2019-09-16T15:29:02Z"
"spotify:track:6alCTRgBPoeAFi2N4il9Q4","Did It Again","spotify:artist:4Ga1P7PMIsmqEZqhYZQgDo","Lil Tecca","spotify:album:65T18oWoikW2MAilg9j8lW","We Love You Tecca","1","4","116240","","2019-09-15T15:11:06Z"
"spotify:track:4fj7e6Tc48Bmomwyz2Z2XC","Te Quemaste","spotify:artist:0tmwSHipWxN12fsoLcFU3B, spotify:artist:2R21vXR83lH98kGeO99Y66","Manuel Turizo, Anuel AA","spotify:album:0CUMVFalkFhZM6Xo0ErxLi","ADN","1","15","199090","","2019-09-14T03:04:50Z"
"spotify:track:4DhTBCvoemYivBVHkk7RKI","Cafuné","spotify:artist:1aWJsBQa67l72j1VT3D6Ow","Micro TDH","spotify:album:5AcfM2EiLTrnFxQjpo7mxp","Inefable","1","10","262186","","2019-09-11T19:03:12Z"
"spotify:track:07w6jp4Fq8GGqhLoDYoVkb","Replay","spotify:artist:2t7vyRN71qtQT18frElAnV","Maikel Delacalle","spotify:album:6Kawn2OipfPSwm0i6EL2kd","Replay","1","1","217103","","2019-09-11T18:56:04Z"
"spotify:track:21qvRFmtuNS5D2EWQsSOZL","Besame Sin Sentir","spotify:artist:1aWJsBQa67l72j1VT3D6Ow","Micro TDH","spotify:album:2ciZyaWAhtZ2oFurXqzZgu","Besame Sin Sentir","1","1","248485","","2019-09-11T18:33:13Z"
"spotify:track:1GeNui6m825V8jP4uKiIaH","Bad Bad Bad (feat. Lil Baby)","spotify:artist:50co4Is1HCEo8bhOyUWKpn, spotify:artist:5f7VJjfbwm532GiveGC0ZK","Young Thug, Lil Baby","spotify:album:1bnHPO4dKK7IjvgrtVBcQh","So Much Fun","1","7","149040","","2019-09-09T23:07:40Z"
"spotify:track:3u5GmyJP2MU3tEJgyiAG2T","Indios y Vaqueros","spotify:artist:2rGri7YZ2eiCS58zgvmlQb, spotify:artist:5N3YDBGT2gUzXgLDTwPRi5","Sinsinati, Álvaro De Luna","spotify:album:2t9PxUaBK9Jk2G9vPOaqy5","Indios y Vaqueros","1","1","184000","","2019-09-09T01:46:12Z"
"spotify:track:0Wa8Vwu8FeZFBRMK5X2LqS","Aunque Salga Caro","spotify:artist:5niWVHxJdeIwfUgshhse5J, spotify:artist:7iAjHah24grV8aHpVmxN1x","D Brío, Átiko Gris","spotify:album:2T10SVtlRSNQZXc7vSttyv","Aunque Salga Caro","1","1","182500","","2019-09-06T05:27:06Z"
"spotify:track:14P7xVQHZgLce7XNLq5jhL","Pop Pa' Tu Crush (feat. Only, Sesentay6 & Hens y Delgao)","spotify:artist:3tfyX4BfsOF9pbPWARiA0q, spotify:artist:0hTpzLejwiEa2ClxGbVvty, spotify:artist:79Q1pSFzZxBxwHxKRhMwmM, spotify:artist:5zk0m01QkmxYzSOAruh6cg","Go Roneo, Only, Sesentay6, Hens y Delgao","spotify:album:1fHtyDWvuDyUL2sZBWFaM6","Pop Pa' Tu Crush (feat. Only, Sesentay6 & Hens y Delgao)","1","1","204315","","2019-09-05T02:45:09Z"
"spotify:track:2W4lpjqWOPPqN0OkPAVHmI","Benicàssim (Summer Series 2)","spotify:artist:5JcO3FHEBbWTQMUHmWtU2g, spotify:artist:6vPXtLmNd3mW0dd1Rb9eQ9, spotify:artist:0GABUps2B17UMu6M8tkEDS","Juancho Marqués, Don Patricio, InnerCut","spotify:album:7ItXJz78Js5xIgvNkGyeKj","Benicàssim (Summer Series 2)","1","1","199591","","2019-09-02T18:46:00Z"
"spotify:track:1xzBco0xcoJEDXktl7Jxrr","Mo Bamba","spotify:artist:2RDOrhPqAM4jzTRCEb19qX","Sheck Wes","spotify:album:15Id9Jrqab8IwHFirdrrLp","MUDBOY","1","9","183906","","2019-09-01T05:14:06Z"
"spotify:track:4zPrksf5TOe1MoXSyKqmtN","Océano","spotify:artist:0jFKtLWiuGlOydAKyVD51L","Errecé Oficial","spotify:album:5cXnFCejFHlxBtxFa43dhr","Océano","1","1","202335","","2019-09-01T02:10:01Z"
"spotify:track:6G0FACzGN80Dj2v4ass5rq","gone girl","spotify:artist:6ASri4ePR7RlsvIQgWPJpS, spotify:artist:6Xgp2XMz1fhVYe7i6yNAax","iann dior, Trippie Redd","spotify:album:6ZhOC5xr3JOdr7hmQTSqyR","gone girl","1","1","136568","","2019-08-30T22:38:45Z"
"spotify:track:1xbtojAZsQjOgiGdGX6ChU","Ransom","spotify:artist:4Ga1P7PMIsmqEZqhYZQgDo","Lil Tecca","spotify:album:0Pjp31DH4uBcFUi7w2QCCt","Ransom","1","1","131248","","2019-08-30T22:33:00Z"
"spotify:track:6u5M4jPpYkoRV4vVHDQvkd","All I Do Is Win (feat. T-Pain, Ludacris, Snoop Dogg & Rick Ross)","spotify:artist:0QHgL1lAIqAw0HtD7YldmP, spotify:artist:3aQeKQSyrW4qWr35idm0cy, spotify:artist:3ipn9JLAPI5GUEo4y4jcoi, spotify:artist:7hJcb9fa4alzcOq3EaNPoG, spotify:artist:1sBkRIssrMs1AbVkOJbc7a","DJ Khaled, T-Pain, Ludacris, Snoop Dogg, Rick Ross","spotify:album:5NGFuUQ1SYIUTy10IhA0Ny","Victory","1","2","227293","","2019-08-30T01:26:02Z"
"spotify:track:206uaQyzb8kOiZ7rHw9wCn","Bounce Back","spotify:artist:0c173mlxpT3dSFRgMO8XPh","Big Sean","spotify:album:0HQMvMadFsOi0fVWYHq5Tr","Bounce Back","1","1","222400","","2019-08-27T14:04:43Z"
"spotify:track:7eBqSVxrzQZtK2mmgRG6lC","Murder On My Mind","spotify:artist:1cNDP5yjU5vjeR8qMf4grg","YNW Melly","spotify:album:7naY6j4wcgUxfHB98G79CW","I AM YOU","1","13","268434","","2019-08-27T01:03:05Z"
"spotify:track:3XiNC94b4Tq1xwv70sQJGN","Sanguine Paradise","spotify:artist:4O15NlyKLIASxsJ0PrXPfz","Lil Uzi Vert","spotify:album:49K82qcZN4u109e6Zw8io1","Sanguine Paradise","1","1","243976","","2019-08-27T00:44:02Z"
"spotify:track:0bCPJsVGDxPYwQMDZMi4NW","Estamos Arriba","spotify:artist:4q3ewBCX7sLwd24euuV69X, spotify:artist:7iK8PXO48WeuP03g8YR51W","Bad Bunny, Myke Towers","spotify:album:48eb5w6QS1v1YnLsw1fNkG","Estamos Arriba","1","1","225693","","2019-08-26T21:02:37Z"
"spotify:track:69ZaPBHhRMRDjRpW1ivnOU","Como Antes","spotify:artist:4q3ewBCX7sLwd24euuV69X","Bad Bunny","spotify:album:7CjJb2mikwAWA1V6kewFBF","X 100PRE","1","12","230577","","2019-08-25T20:40:38Z"
"spotify:track:5ry2OE6R2zPQFDO85XkgRb","Money In The Grave (Drake ft. Rick Ross)","spotify:artist:3TVXtAsR1Inumwj472S9r4, spotify:artist:1sBkRIssrMs1AbVkOJbc7a","Drake, Rick Ross","spotify:album:00HZxSA1sOS9T3nA950sg4","The Best In The World Pack","1","2","205426","","2019-08-25T00:54:19Z"
"spotify:track:2JvzF1RMd7lE3KmFlsyZD8","MIDDLE CHILD","spotify:artist:6l3HvQ5sa6mXTsMTB19rO5","J. Cole","spotify:album:3XzSOIE6zGLliuqsVGLmUc","MIDDLE CHILD","1","1","213593","","2019-08-24T23:49:44Z"
"spotify:track:5kHeOhrZgF1VbBmnkPKulh","Esa Carita Que Me Llevas","spotify:artist:7Jgen4mkCFqCo4xzlDrMJO, spotify:artist:0GABUps2B17UMu6M8tkEDS","Locoplaya, InnerCut","spotify:album:2EDlqO1vbNwTqXWhpHwgO4","Esa Carita Que Me Llevas","1","1","221837","","2019-08-22T15:36:21Z"
"spotify:track:1bnndvVP4nEr2XGU1YFh1W","Cupido","spotify:artist:1lhouf62e5nnvFhbjwLU3j","Air Magno","spotify:album:6PTTWXqKXscFnYURBnwP6a","Cupido","1","1","155604","","2019-08-16T19:42:10Z"
"spotify:track:3I52e5l6ag02nA7UllFdM2","Good Vibes - Official Remix","spotify:artist:7wU2WGCJ8HxkekHHE2QLul, spotify:artist:1SupJlEpv7RS2tPNRaHViT, spotify:artist:3EiLUeyEcA6fbRPSHkG5kb, spotify:artist:6kq4GHwUcUojGIu0ziSNXf, spotify:artist:5TYxZTjIPqKM8K8NuP9woO","Fuego, Nicky Jam, De La Ghetto, Amenazzy, C. Tangana","spotify:album:3oAVlrNghYIddUu1Eq83WE","Good Vibes (Official Remix)","1","1","235720","","2019-08-14T19:51:42Z"
"spotify:track:4hTXeWayUVMwoz6v1CviSN","Copacabana","spotify:artist:2hazSY4Ef3aB9ATXW7F5w3","IZAL","spotify:album:0ToW0tbb8o88G6Wd2A4LFH","Copacabana","1","1","216566","","2019-08-08T16:02:57Z"
"spotify:track:541hgOF71B92Jpg4IU6kyx","Turnedo","spotify:artist:3qUrABCNqnkb5gc2YmPVzP","Ivan Ferreiro","spotify:album:6684lqRy7QCfQCNVc4Ohxp","Canciones para el tiempo y la distancia","1","3","278333","","2019-08-08T09:16:21Z"
"spotify:track:5NuVQ1a9vJxMeXJNMpXfZ7","Poca Suerte","spotify:artist:1nwjHzOUQZsNYX8xoWiGVC","Funzo & Baby Loud","spotify:album:1nqHuwRGkeaF5oHAMVIqtw","Poca Suerte","1","1","238461","","2019-08-07T11:10:59Z"
"spotify:track:1bKLec07c65Zt7RV5Xt5yo","Ojalá","spotify:artist:0ZHPrnImGh4re3TbSNkoZl","Beret","spotify:album:1z5UK7o1sP4j0Bq1rEbhEG","Ojalá","1","1","220909","","2019-08-06T11:57:02Z"
"spotify:track:2NRiOBbTKQJ7JhjXwddvGF","Paradójica","spotify:artist:3v2sYzsuZVd0gAhMWgl9I7","Xavibo","spotify:album:3immZoJ3nxziSaFW4t9xmM","Malfidela","1","3","153333","","2019-08-06T11:11:33Z"
"spotify:track:7LpS82vPDLgZAHWRtWBBRj","Ni tú ni nadie","spotify:artist:2mDlFcPtgXtLF1gEshEInh","Alaska Y Dinarama","spotify:album:0WCUpdYXsvpM8Bed8w4vQF","Deseo Carnal","1","3","217000","","2019-08-04T16:31:43Z"
"spotify:track:15Mh8m2BGTUptR8yy7fNAS","Only You","spotify:artist:1G1mX30GpUJqOr1QU2eBSs","Yazoo","spotify:album:35XWsJcKVHGmDKE8XUd3o3","Upstairs at Eric's","1","6","194173","","2019-08-04T14:48:15Z"
"spotify:track:09mher1pkrrvgc5PKBbvxS","Cuenta Conmigo","spotify:artist:0jeYkqwckGJoHQhhXwgzk3","Cruz Cafuné","spotify:album:7dThD0ZbftpiMw5kChXpC5","Maracucho Bueno Muere Chiquito","1","4","212863","","2019-08-01T19:39:35Z"
"spotify:track:2ksOAxtIxY8yElEWw8RhgK","China","spotify:artist:2R21vXR83lH98kGeO99Y66, spotify:artist:4VMYDCV2IEDYJArk749S6m, spotify:artist:790FomKkXshlbRYZFtlgla, spotify:artist:1vyhD5VmyZ7KMfW5gqLgo5, spotify:artist:1i8SpTcr7yvPOmcqrbnVXY","Anuel AA, Daddy Yankee, KAROL G, J Balvin, Ozuna","spotify:album:1PTTAq0OxggVgqP5WTYWDh","China","1","1","301714","","2019-08-01T15:15:47Z"
"spotify:track:4TwIbmabI2R5XUhqptk6Ev","Good Vibes","spotify:artist:7wU2WGCJ8HxkekHHE2QLul, spotify:artist:1SupJlEpv7RS2tPNRaHViT","Fuego, Nicky Jam","spotify:album:7iSkcdgLqXakbw8EazkZK7","Good Vibes","1","1","235720","","2019-08-01T11:43:28Z"
"spotify:track:4bTZeO72FwMa6wKOiqoynL","Otro Trago - Remix","spotify:artist:77ziqFxp5gaInVrF2lj4ht, spotify:artist:1i8SpTcr7yvPOmcqrbnVXY, spotify:artist:2R21vXR83lH98kGeO99Y66, spotify:artist:1TtXnWcUs0FCkaZDPGYHdf, spotify:artist:1SupJlEpv7RS2tPNRaHViT","Sech, Ozuna, Anuel AA, Darell, Nicky Jam","spotify:album:3hiJmThCss4ugTPzvgUnT1","Otro Trago (Remix)","1","1","287773","","2019-08-01T11:33:57Z"
"spotify:track:2Nam7nPhDG9KDGmdM12DHk","Porrito en París","spotify:artist:6vPXtLmNd3mW0dd1Rb9eQ9","Don Patricio","spotify:album:507EX6i0GGn2b4l2DGcl2y","La Dura Vida del Joven Rapero","1","1","299971","","2019-07-31T18:22:20Z"
"spotify:track:7FEwp8BavoEVE3AnxJDchc","No Guidance (feat. Drake)","spotify:artist:7bXgB6jMjp9ATFy66eO08Z, spotify:artist:3TVXtAsR1Inumwj472S9r4","Chris Brown, Drake","spotify:album:1ypdCwJwVaUHuFTnvvQbMX","No Guidance (feat. Drake)","1","1","260640","","2019-07-30T23:08:20Z"
"spotify:track:1g2pomnU3K9f0f5wW4k0N0","Touchdown","spotify:artist:0VZrPa7mWAYXH4CwmYk8Km, spotify:artist:4QFG9KrGWEbr6hNA58CAqE","Kidd Keo, Aleman","spotify:album:26Y2EukOIUcgSt20c8jQPN","Touchdown","1","1","193500","","2019-07-29T11:29:02Z"
"spotify:track:7hv7synVPhVu30Ex2amJQc","No Te Preocupes por Mi","spotify:artist:5Hsv8dUHHOdnn72q4XIVz7","Leiva","spotify:album:1T2uKSyUf7DBWOABtsmYLM","Nuclear","1","3","229406","","2019-07-23T18:55:55Z"
"spotify:track:1Ej96GIBCTvgH7tNX1r3qr","Otro Trago","spotify:artist:77ziqFxp5gaInVrF2lj4ht, spotify:artist:1TtXnWcUs0FCkaZDPGYHdf","Sech, Darell","spotify:album:3TgOrQ3p23Af8zSsxK8fdX","Sueños","1","3","225933","","2019-07-23T18:55:05Z"
"spotify:track:1LuW4h5s9ZumBbMh7qhDDj","Una Foto en Blanco y Negro","spotify:artist:5RK6c1tyaKpwcDpbgCGNgj","El Canto Del Loco","spotify:album:6Fs4ZLz6N8IZtXR20zjwjy","Estados de Animo","1","10","209893","","2019-07-23T14:08:21Z"
"spotify:track:5s8LepdwU0THzpd0M7nLsa","Te Soñé De Nuevo","spotify:artist:1i8SpTcr7yvPOmcqrbnVXY","Ozuna","spotify:album:6G5nG3kLpWF7aGRCAUhCf0","Te Soñé De Nuevo","1","1","199812","","2019-07-23T10:56:14Z"
"spotify:track:5LvtO3umWRUI5FFZjKhcpu","Niñxs Malxs","spotify:artist:6GP540ZTiOPTz8uI76k43u","Paranoid 1966","spotify:album:0a1oqXlO6nH53R3v76F1ZW","Niñxs Malxs","1","1","215091","","2019-07-22T20:50:54Z"
"spotify:track:1uiX0bdc2sPHcL1k02bC2G","¿CÓMO TE VA, QUERIDA?","spotify:artist:2IMZYfNi21MGqxopj9fWx8, spotify:artist:6vPXtLmNd3mW0dd1Rb9eQ9","Rels B, Don Patricio","spotify:album:7uaxfvg8tcUtnHy1xEVuXr","¿CÓMO TE VA, QUERIDA?","1","1","206943","","2019-07-22T20:39:43Z"
"spotify:track:7anSoGdgtmJTAPZBzcPhO6","Cuaderno","spotify:artist:0KPX4Ucy9dk82uj4GpKesn, spotify:artist:14zUHaJZo1mnYtn6IBRaRP, spotify:artist:1SupJlEpv7RS2tPNRaHViT, spotify:artist:11YLRSsZA3YVuQQtHXKTlz, spotify:artist:77ziqFxp5gaInVrF2lj4ht, spotify:artist:1pQWsZQehhS4wavwh7Fnxd, spotify:artist:2LRoIwlKmHjgvigdNGBHNo","Dalex, Justin Quiles, Nicky Jam, Rafa Pabön, Sech, Lenny Tavárez, Feid","spotify:album:6stPNzjz40FWTiwlOR98Lp","Climaxxx","1","3","286506","","2019-07-07T21:08:35Z"
"spotify:track:5kwgMFf58HjfRnn536rRUP","Septiembre","spotify:artist:5yD3wtXDmbOloiFzO3km1M","LUNA KI","spotify:album:0T8P5mWXwgBN38yCWkGpQt","Unknown, 2034","1","3","125200","","2019-07-01T20:58:34Z"
"spotify:track:0LpOZM7rngbGAD1rmNt0aD","Intro","spotify:artist:2Q2fYVYxFSmodq53BFyD6p, spotify:artist:4YfPlncfssK9STwd3lroil","Cecilio G., Limabeatz","spotify:album:76rEMIsHHdHJ0un51sUvRv","Milion Dollar Baby (CEEGEEOTCP)","1","1","121924","","2019-06-27T11:32:45Z"
"spotify:track:3NAE8PwT86s0POBaVOgbBw","From Darkness With Love","spotify:artist:2Q2fYVYxFSmodq53BFyD6p","Cecilio G.","spotify:album:7raNKJzZPdZULt94276WKA","From Darkness With Love","1","1","246142","","2019-06-27T11:30:35Z"
"spotify:track:6j5ECwFVY5VL47ZmLLfyUL","Nuestra Última Canción","spotify:artist:0VD8vX2wvCYYD0SMFCZeRR","Calero LDN","spotify:album:1VtPyMsPeRm50tKk9yaNai","Nuestra Última Canción","1","1","126926","","2019-06-25T23:35:19Z"
"spotify:track:3wm27SCXXbKtLVv1B6JLFN","Love","spotify:artist:79N4S7UXdjo2fAh3OHJQuB, spotify:artist:5koJm9ovQfRX663SHUZmOG, spotify:artist:3ANLqALZI9BeYe12jl1r0Q","Hard GZ, Lil GZ, Tee Amara","spotify:album:60SJoCkqzuRJAziGJuJQmX","Versus","1","4","188173","","2019-06-25T22:07:59Z"
"spotify:track:6pK5edDoyrn4mWwRSVc2a5","Amor Genuino","spotify:artist:1i8SpTcr7yvPOmcqrbnVXY","Ozuna","spotify:album:1YlOaWSAKVR6BcnSvV9qfh","Amor Genuino","1","1","179936","","2019-06-25T22:02:02Z"
"spotify:track:0s5DNDV6LAKn2u2Ufa3VjQ","Desconocidos","spotify:artist:2wkoKEfS6dXwThbyTnZWFU, spotify:artist:0tmwSHipWxN12fsoLcFU3B, spotify:artist:28gNT5KBp7IjEOQoevXf9N","Mau y Ricky, Manuel Turizo, Camilo","spotify:album:0vfE72mb2weKSONtBC6SPJ","Desconocidos","1","1","204453","","2019-06-20T09:00:43Z"
"spotify:track:1wg5exXlyD7mmntZwmmsvp","No Ves Que Es un Sueño?","spotify:artist:6vPXtLmNd3mW0dd1Rb9eQ9","Don Patricio","spotify:album:507EX6i0GGn2b4l2DGcl2y","La Dura Vida del Joven Rapero","1","6","256418","","2019-06-19T14:34:21Z"
"spotify:track:4AKWHLChPxYdXAB2cHmZB7","Controla","spotify:artist:00XhexlJEXQstHimpZN910, spotify:artist:2R21vXR83lH98kGeO99Y66","Brytiago, Anuel AA","spotify:album:4wyMa52v9YrNx0UgGyC35y","Controla","1","1","208000","","2019-06-19T10:42:38Z"
"spotify:track:4JLMmUdx8clVUKCD75C5me","Cuando Todas las Historias Se Acaban (with Leire Martinez)","spotify:artist:3heR1it0slFXjaa7E62zpw, spotify:artist:0B0esAjCSSwycZDx1bhpmD","Maldita Nerea, Leire Martinez","spotify:album:31ka1pEkWAtrfeOBhIeCbo","Bailarina","1","2","223640","","2019-06-18T09:42:22Z"
"spotify:track:4CN0WLHjzALfLxGIINN8tM","Desastre","spotify:artist:1aMt4A5jrQHxDYyC7rXgV0","Pol Granch","spotify:album:6DyXsdnXiCvKFFzsaNuXJK","Desastre","1","1","176663","","2019-06-18T09:35:04Z"
"spotify:track:2zaPEAFAg5uuRPVKHyEdLG","Si Yo Estuviera Enamorao","spotify:artist:5JcO3FHEBbWTQMUHmWtU2g, spotify:artist:08VkVB0giqumfUMl4Ea922","Juancho Marqués, Vic Mirallas","spotify:album:50SD4u0bxNWY7dXvXAH8hs","Si Yo Estuviera Enamorao","1","1","196443","","2019-06-18T09:26:47Z"
"spotify:track:0T0jljXbYCVBbN7PwX5TIB","Química (Live Session 1) [Acústico]","spotify:artist:5JcO3FHEBbWTQMUHmWtU2g, spotify:artist:5Zn0af1O7iYPF95RlsBVun","Juancho Marqués, Gabriel Fernández","spotify:album:6zXi2DO8Q65YSxFwtytY9P","Cierre","1","10","249882","","2019-06-15T10:04:27Z"
"spotify:track:7rknFhrVDyxzTJkPSf7LoW","No Me Conoce - Remix","spotify:artist:0EFisYRi20PTADoJrifHrz, spotify:artist:1vyhD5VmyZ7KMfW5gqLgo5, spotify:artist:4q3ewBCX7sLwd24euuV69X","Jhay Cortez, J Balvin, Bad Bunny","spotify:album:2t2aNgqXTXuCh9fqT05g9U","No Me Conoce (Remix)","1","1","307546","","2019-06-11T19:05:37Z"
"spotify:track:5lwVd35Zg6DJ4qibVMq99H","Date La Vuelta","spotify:artist:4V8Sr092TqfHkfAA5fXXqG, spotify:artist:07YUOmWljBTXwIseAUd9TW, spotify:artist:1SupJlEpv7RS2tPNRaHViT","Luis Fonsi, Sebastian Yatra, Nicky Jam","spotify:album:7IPOvQXhAI5OQD8S3ZOtmE","Date La Vuelta","1","1","219773","","2019-06-10T15:34:48Z"
"spotify:track:3PH6yYtnyiOnHzWNLYJb1f","Sin miedo a nada (feat. Amaia Montero)","spotify:artist:2tY2GFdhH0Wa2VBvsxew5X, spotify:artist:4LbuSjHhhAddvN44qXpRJo","Alex Ubago, Amaia Montero","spotify:album:5Vi7yiYI9NNluzdo1LPo3g","Siempre en mi mente","1","3","310866","","2019-06-09T10:53:06Z"
"spotify:track:4BBC0JXqqZbQH5rQwjiUkp","Todo Me Da Igual","spotify:artist:21ttsUKZ3y2Hm6nduyvbAw","Pignoise","spotify:album:4cAkoHC4oYBR0Q3wQtqZ1x","Año Zero","1","6","205026","","2019-06-09T10:39:40Z"
"spotify:track:1VB4sadHjFcFklHcZuoROi","Como Camarón","spotify:artist:5ZqnEfVdEGmoPxtELhN7ai","Estopa","spotify:album:5EiebUqlX025HxiCvVTsNs","Estopa","1","8","202026","","2019-06-09T10:39:00Z"
"spotify:track:7piXNyrajEfqhOkzgDq2Ts","Me llama","spotify:artist:0ZHPrnImGh4re3TbSNkoZl","Beret","spotify:album:78kDVB6S4lASWVdtegF6CP","Me llama","1","1","211180","","2019-06-09T10:23:22Z"
"spotify:track:3g4UyIcQwutiG0TfW32GnX","Esclavo de Tus Besos","spotify:artist:0tmwSHipWxN12fsoLcFU3B, spotify:artist:1i8SpTcr7yvPOmcqrbnVXY","Manuel Turizo, Ozuna","spotify:album:6NzT9eDEkJvnbL2gLcT6ai","Esclavo de Tus Besos","1","1","219302","","2019-06-06T09:29:03Z"
"spotify:track:1jkIErXa3YNUX5QIyO6GGR","Losin Control","spotify:artist:1z7b1Pr1rSlvWRzsW3HOrS","Russ","spotify:album:2Xn8a3z0UPKpgz8VpaGcRk","Losin Control","1","1","237506","","2019-06-02T17:06:53Z"
"spotify:track:1Kmr5vrP0AGUY04JWXCFMf","Diles","spotify:artist:2IMZYfNi21MGqxopj9fWx8","Rels B","spotify:album:71YB0UNuZJkxNI6UM8t8f7","Flakk Daniel's Lp","1","5","185331","","2019-06-01T10:15:55Z"
"spotify:track:4jRSV2R1mO5pQ5upXATMi2","Mejor No Nos Vemos","spotify:artist:2IMZYfNi21MGqxopj9fWx8","Rels B","spotify:album:1F9GzAJnrDF9x9L6DQmAal","Mejor No Nos Vemos","1","1","189187","","2019-05-31T22:14:30Z"
"spotify:track:54u0nhUqypduR2oMMmBvrg","Como Mario","spotify:artist:6fMZytDgX1Q9OV6ndSugym","Akapellah","spotify:album:2v7Gt7mkGcLMnlTJa97SPw","Como Mario","1","1","184000","","2019-05-31T21:40:44Z"
"spotify:track:3L6RhaS4ISh8GSagrFMFZn","Reproches","spotify:artist:5Ypafuz95Xk09YDf4tgAvU","Ayax y Prok","spotify:album:1rGEWKEdDvDx5Ij1oxpRfs","Reproches","1","1","273548","","2019-05-31T21:39:56Z"
"spotify:track:3d0CVvh3V9XOesXzkrD21j","Miénteme","spotify:artist:0jeYkqwckGJoHQhhXwgzk3, spotify:artist:38vGxW4ZbH5yDIVLSSUHz3","Cruz Cafuné, Hathi","spotify:album:72EMdmDgrwoiuWHELy7LXL","Miénteme","1","1","166996","","2019-05-31T21:39:38Z"
"spotify:track:2jH7h0OVT5bVSu6CmfqNeq","King Flakk","spotify:artist:2IMZYfNi21MGqxopj9fWx8","Rels B","spotify:album:16OC7ocDmvdwt1POMJY2mi","King Flakk","1","1","138571","","2019-05-31T13:56:56Z"
"spotify:track:4t8YQE2FIpTIq9SxeuOuuP","Dime Cuantas Veces","spotify:artist:1aWJsBQa67l72j1VT3D6Ow, spotify:artist:2IMZYfNi21MGqxopj9fWx8","Micro TDH, Rels B","spotify:album:1wSMAcEuohxdQXrz8uBzqd","Dime Cuantas Veces","1","1","213959","","2019-05-30T18:43:47Z"
"spotify:track:7Ib4HxrkMe8iHweXxMsev5","Open The Door","spotify:artist:4F4pp8NUW08JuXwnoxglpN, spotify:artist:5Xi3NfsVBIEbaWVUfBTy39, spotify:artist:3a2dlVcm5z0ha2j9ihlQmP","Bad Gyal, Govana, Dj Papis","spotify:album:26sEQnPSKzyRxk85fvF0ln","Open The Door","1","1","223600","","2019-05-30T18:36:41Z"
"spotify:track:32lexhcz93AinKK0qLTZaZ","Ni Gucci Ni Prada","spotify:artist:6SGvRyZuaSuWmP6IWUKpGf","Kenny Man","spotify:album:4x1ekBFExz90qUx1dKQByU","Ni Gucci Ni Prada","1","1","175200","","2019-05-30T13:53:20Z"
"spotify:track:6u7jPi22kF8CTQ3rb9DHE7","Old Town Road (feat. Billy Ray Cyrus) - Remix","spotify:artist:7jVv8c5Fj3E9VhNjxT4snq, spotify:artist:60rpJ9SgigSd16DOAG7GSa","Lil Nas X, Billy Ray Cyrus","spotify:album:38kpkGLuPr1nNfD3iEyOlJ","Old Town Road","1","1","157066","","2019-05-30T13:25:21Z"
"spotify:track:1kK6DwzyXJSp58u5HYWwuD","Go Loko (feat. Tyga, Jon Z)","spotify:artist:0A0FS04o6zMoto8OKPsDwY, spotify:artist:5LHRHt1k9lMyONurDHEdrp, spotify:artist:5bWUlnPx9OYKsLiUJrhCA1","YG, Tyga, Jon Z","spotify:album:5zuM1EG06X1J7VsIF1omRm","4REAL 4REAL","1","4","299226","","2019-05-30T10:56:30Z"
"spotify:track:5AjINjwKyRvQJhSe2zpPHi","Pop Out (feat. Lil Tjay)","spotify:artist:6AgTAQt8XS6jRWi4sX7w49, spotify:artist:6jGMq4yGs7aQzuGsMgVgZR","Polo G, Lil Tjay","spotify:album:2QZIT7e4W9ZFQ716TSxRI3","Pop Out (feat. Lil Tjay)","1","1","166640","","2019-05-30T10:46:50Z"
"spotify:track:3eKPI3yCR9vNLAJkxZMcha","Consentia","spotify:artist:4bJh7sMPcVRiqe5jlnsWQV","DELLAFUENTE","spotify:album:5CKGOVGAN1eePURJlb1wNF","Consentia","1","1","201351","","2019-05-30T10:35:08Z"
"spotify:track:6Zcyvk9QmBpdyk93LmsqzL","Ese cosquilleo","spotify:artist:5Ypafuz95Xk09YDf4tgAvU, spotify:artist:4FActBvkmDc8h3sI5vbMPZ, spotify:artist:1O77s4Fe4GrRPBlUKRUcEw","Ayax y Prok, Blasfem, J Dose","spotify:album:1SJl8bi5QERhup9p5yDx1X","Cara y cruz","1","4","206533","","2019-05-30T10:19:26Z"
"spotify:track:7BMdZsDXxPH6Db3Ug6A2q2","Pa que lo gocen","spotify:artist:5dC7EcwWdf9Qj4VvJab4rZ, spotify:artist:2544NCTfffschCn1NZVMSb, spotify:artist:4FActBvkmDc8h3sI5vbMPZ","fernandocosta, Dollar Selmouni, Blasfem","spotify:album:7euTtDGIoACenU5iWH6tr2","Yipiyou","1","10","220964","","2019-05-30T08:25:46Z"
"spotify:track:6uW0PIRcyZLvkoonm763xD","Contando Lunares (feat. Cruz Cafuné)","spotify:artist:6vPXtLmNd3mW0dd1Rb9eQ9, spotify:artist:0jeYkqwckGJoHQhhXwgzk3","Don Patricio, Cruz Cafuné","spotify:album:507EX6i0GGn2b4l2DGcl2y","La Dura Vida del Joven Rapero","1","4","219666","","2019-05-27T19:15:44Z"
"spotify:track:1k1CJlU1eAEpAbNK0TVeKD","Que Mas Pues - Remix","spotify:artist:77ziqFxp5gaInVrF2lj4ht, spotify:artist:14zUHaJZo1mnYtn6IBRaRP, spotify:artist:1r4hJ1h58CWwUQe3MxPuau, spotify:artist:1SupJlEpv7RS2tPNRaHViT, spotify:artist:329e4yvIujISKGKz1BZZbO, spotify:artist:0KPX4Ucy9dk82uj4GpKesn, spotify:artist:1pQWsZQehhS4wavwh7Fnxd","Sech, Justin Quiles, Maluma, Nicky Jam, Farruko, Dalex, Lenny Tavárez","spotify:album:5bad2QvDKLifbAK9O75U8Y","Que Mas Pues (Remix)","1","1","305962","","2019-05-25T23:27:24Z"
"spotify:track:1c0hsvHLELX6y8qymnpLKL","Soltera - Remix","spotify:artist:47MpMsUfWtgyIIBEFOr4FE, spotify:artist:4VMYDCV2IEDYJArk749S6m, spotify:artist:4q3ewBCX7sLwd24euuV69X","Lunay, Daddy Yankee, Bad Bunny","spotify:album:2m9Vuc9Q19qhSm6RQmBgsR","Soltera (Remix)","1","1","266086","","2019-05-25T09:04:20Z"
"spotify:track:3DfUO7e24abpbIreUpUK4B","Soldadito de Hierro","spotify:artist:6X8uzem5Dbl4l2so4CeexD","Nil Moliner","spotify:album:4aF473yAU7HOafe47RWrLk","Soldadito de Hierro","1","1","142964","","2019-04-24T21:37:34Z"
"spotify:track:562TCTKxlyb0mAMe3t65ep","Glad You Came","spotify:artist:2NhdGz9EDv2FeUw6udu2g1","The Wanted","spotify:album:2Aziq0tiDNgwzunzKadY4T","The Wanted","1","1","198186","","2017-12-22T19:11:52Z"
"spotify:track:44XBLYMVEt5vJcb5qXfQ7V","Alejandro","spotify:artist:1HY2Jd0NmPuamShAr6KMms","Lady Gaga","spotify:album:67j3NJodNRI8USUwKwTZA6","The Fame Monster (International Deluxe)","1","2","274213","","2017-12-22T19:05:59Z"
"spotify:track:1AN6UdAEP8dreIhTGTeth6","Cryin (in the style of Aerosmith)","spotify:artist:5D13RHlJ2Le5Iytcl2xzE9","Pop Music Workshop","spotify:album:17RoqiJNcONqRTyJPXMCDE","Free Guitar Backing Tracks, Vol. 1","1","16","331080","","2017-12-22T19:05:58Z"
"spotify:track:4zy1s9GnxWsNzZp1688euA","Addicted to You","spotify:artist:0EmeFodog0BfCgMzAIvKQp","Shakira","spotify:album:3gR578qnw47M30LVBTjrlW","Sale el Sol","1","5","147480","","2017-12-22T19:05:57Z"
"spotify:track:08mG3Y1vljYA6bvDt4Wqkj","Back In Black","spotify:artist:711MCceyCBcFnzjGY4Q7Un","AC/DC","spotify:album:6mUdeDZCsExyJLMdAfDuwh","Back In Black","1","6","255493","","2017-12-22T19:05:56Z"
"spotify:track:4in7zJCCbHJeU5nyvtdoH3","Edge of Infinity (feat. Minnesota)","spotify:artist:47mIJdHORyRerp4os813jD, spotify:artist:4XIIdT0K7u7d1Tz5Vfx0JG","League of Legends, Minnesota","spotify:album:1KHalUH2ZfT38gIdT8MJdn","Warsongs","1","2","241154","","2017-12-22T19:04:02Z"
"spotify:track:61HHDBLqF3AmSvLfHKNGd2","Ahora Me Llama","spotify:artist:790FomKkXshlbRYZFtlgla, spotify:artist:4q3ewBCX7sLwd24euuV69X","KAROL G, Bad Bunny","spotify:album:60BIZaLb7xlzUSlS7MmYLf","Ahora Me Llama","1","1","233293","","2017-12-22T18:40:21Z"
"spotify:track:2UTdgOtXy9Vwd9XKPMLHjd","Acércate","spotify:artist:3EiLUeyEcA6fbRPSHkG5kb","De La Ghetto","spotify:album:21bf1t6t9F1pdI1tX9wH6L","Acércate","1","1","228706","","2016-08-18T00:48:22Z"
"spotify:track:01qIefOW1UdSDS1mHoSZ3x","Slacks","spotify:artist:1n3X60xWCyL1zytSiKeu4D","St. South","spotify:album:7dj1YwKeoOGrhvgQU87qWh","Slacks","1","1","206634","","2016-08-17T23:52:38Z"
"spotify:track:7AtlMCIauSQZqiXSlbBPW6","Bobo","spotify:artist:1vyhD5VmyZ7KMfW5gqLgo5","J Balvin","spotify:album:2LYwooMTH1iJeBvWyXXWUf","Energía","1","4","209426","","2016-07-26T12:49:06Z"
